date-time, latitude, longitude, depth, RMS, Nphs, Gap, Dist, errH, errZ, Mamp
# out/cube/20240614A/PatchSynth/Synth_AS
2000-01-01T00:00:00.00Z, 35.54722907428521, -120.89488833769943, 3.5537504178800026, -, -, - , -, -, - ,0.008623057009581133
2000-01-01T00:00:00.00Z, 35.58893058432688, -120.88544202872231, 19.043295508381323, -, -, - , -, -, - ,0.007797975972158028
2000-01-01T00:00:00.00Z, 35.539463970520174, -120.85422953649166, 8.839606270801111, -, -, - , -, -, - ,0.010983633134783373
2000-01-01T00:00:00.00Z, 36.21640507635734, -120.85230829939292, 0.2153534229701506, -, -, - , -, -, - ,0.011016316975795254
2000-01-01T00:00:00.00Z, 35.621102155152634, -120.84079477774823, 16.147667713137263, -, -, - , -, -, - ,0.010145385125863665
2000-01-01T00:00:00.00Z, 35.540402397618145, -120.83569381914023, 6.586044808227868, -, -, - , -, -, - ,0.012242191527947643
2000-01-01T00:00:00.00Z, 35.55252090858477, -120.8163633804407, 19.38919132387732, -, -, - , -, -, - ,0.012799427351074966
2000-01-01T00:00:00.00Z, 36.102858863944846, -120.8123832841659, 12.797629327562127, -, -, - , -, -, - ,0.01019931315618099
2000-01-01T00:00:00.00Z, 36.15104173806482, -120.78729169105658, 8.575225776965258, -, -, - , -, -, - ,0.018863002136626995
2000-01-01T00:00:00.00Z, 36.14476405380064, -120.78627436699318, 1.2365826400451072, -, -, - , -, -, - ,0.018485063337128512
2000-01-01T00:00:00.00Z, 36.161173740630595, -120.78335050156694, 13.672157671458354, -, -, - , -, -, - ,0.01915395409501976
2000-01-01T00:00:00.00Z, 36.08980855987843, -120.77872356335452, 16.01609287133925, -, -, - , -, -, - ,0.014910882162625056
2000-01-01T00:00:00.00Z, 36.170462499513995, -120.7794260513299, 4.175589481942849, -, -, - , -, -, - ,0.018793374552060215
2000-01-01T00:00:00.00Z, 36.13457514530262, -120.77327891450064, 13.163123685412609, -, -, - , -, -, - ,0.0218165530075902
2000-01-01T00:00:00.00Z, 36.23762295839389, -120.77126803382775, 2.527570914423173, -, -, - , -, -, - ,0.01243572510899298
2000-01-01T00:00:00.00Z, 35.650028071417246, -120.7607195414733, 15.021168360783369, -, -, - , -, -, - ,0.01921078967786645
2000-01-01T00:00:00.00Z, 36.15757327173083, -120.76033337676684, 12.852972533408794, -, -, - , -, -, - ,0.022525928207253923
2000-01-01T00:00:00.00Z, 35.64047080471677, -120.738512718405, 14.475981475277251, -, -, - , -, -, - ,0.024534561388447475
2000-01-01T00:00:00.00Z, 36.22322535149624, -120.72247551324793, 4.340590001662263, -, -, - , -, -, - ,0.013643441288689266
2000-01-01T00:00:00.00Z, 36.17262362312947, -120.7085223448337, 12.432481710647085, -, -, - , -, -, - ,0.02366729317764379
2000-01-01T00:00:00.00Z, 35.5567793993854, -120.69819811264742, 16.94262728669637, -, -, - , -, -, - ,0.019550801206527375
2000-01-01T00:00:00.00Z, 35.56345712090781, -120.70005956059427, 0.8836376615143151, -, -, - , -, -, - ,0.019240695054304816
2000-01-01T00:00:00.00Z, 35.59901776072538, -120.69569456163114, 20.191056212577678, -, -, - , -, -, - ,0.02449635750056167
2000-01-01T00:00:00.00Z, 35.702703013183395, -120.69420349568149, 6.047181313091648, -, -, - , -, -, - ,0.02985326178647729
2000-01-01T00:00:00.00Z, 35.71609761606685, -120.69166705657292, 5.221488887079195, -, -, - , -, -, - ,0.026926708739423086
2000-01-01T00:00:00.00Z, 36.063059729176445, -120.68715179173472, 0.3250368046868425, -, -, - , -, -, - ,0.043994496968148146
2000-01-01T00:00:00.00Z, 35.667555866389705, -120.67620500594053, 0.19494422136530015, -, -, - , -, -, - ,0.03474168129243457
2000-01-01T00:00:00.00Z, 35.759595973709885, -120.67246603177438, 17.320608255183704, -, -, - , -, -, - ,0.0031605772169175255
2000-01-01T00:00:00.00Z, 36.14983352489795, -120.6692159265918, 8.420512145994335, -, -, - , -, -, - ,0.031861397056983994
2000-01-01T00:00:00.00Z, 35.6567994839887, -120.66363043609539, 1.8047342118576575, -, -, - , -, -, - ,0.0398927517592261
2000-01-01T00:00:00.00Z, 35.66027722812583, -120.66145034894706, 3.2677629787083697, -, -, - , -, -, - ,0.042320299945331936
2000-01-01T00:00:00.00Z, 35.992723821580796, -120.66335785013604, 0.5972005111454183, -, -, - , -, -, - ,0.009533145539453605
2000-01-01T00:00:00.00Z, 36.07781171319293, -120.65964725896443, 19.05036932444853, -, -, - , -, -, - ,0.0581052981274662
2000-01-01T00:00:00.00Z, 35.723311573418776, -120.65509493443875, 19.34270016033973, -, -, - , -, -, - ,0.03626418767303709
2000-01-01T00:00:00.00Z, 36.056664422211426, -120.65742406034315, 18.981357188565187, -, -, - , -, -, - ,0.06594157019319277
2000-01-01T00:00:00.00Z, 36.082041420747736, -120.64301009019182, 7.874507816862143, -, -, - , -, -, - ,0.07822404945745637
2000-01-01T00:00:00.00Z, 35.61618740243673, -120.63077526697559, 14.098618004949765, -, -, - , -, -, - ,0.03533243080771852
2000-01-01T00:00:00.00Z, 35.68562765142851, -120.6350515707583, 11.861646523614725, -, -, - , -, -, - ,0.059223027707844655
2000-01-01T00:00:00.00Z, 35.73622903811253, -120.63177090851616, 16.391049399506866, -, -, - , -, -, - ,0.04380824763604
2000-01-01T00:00:00.00Z, 36.119940199303926, -120.635344017431, 8.980244113143971, -, -, - , -, -, - ,0.04322537248606285
2000-01-01T00:00:00.00Z, 35.62036236494685, -120.62622195555964, 3.5207339575035945, -, -, - , -, -, - ,0.0350542892921824
2000-01-01T00:00:00.00Z, 35.64763706888924, -120.630548561148, 4.5634254032818475, -, -, - , -, -, - ,0.046217305509231844
2000-01-01T00:00:00.00Z, 35.67431379285045, -120.62591153277486, 9.441319636966577, -, -, - , -, -, - ,0.05966305166706102
2000-01-01T00:00:00.00Z, 36.06768821446645, -120.62703133662615, 10.125165846804984, -, -, - , -, -, - ,0.1021308438225188
2000-01-01T00:00:00.00Z, 36.08676153731062, -120.63008183842784, 19.08288822243207, -, -, - , -, -, - ,0.06138434735262558
2000-01-01T00:00:00.00Z, 36.15437667291463, -120.62619422615484, 1.1449594832554633, -, -, - , -, -, - ,0.020187924033188722
2000-01-01T00:00:00.00Z, 36.075553249201704, -120.62145071721527, 10.96263590025702, -, -, - , -, -, - ,0.09128736947255993
2000-01-01T00:00:00.00Z, 35.60775220592749, -120.61823726663448, 13.335936608938967, -, -, - , -, -, - ,0.03140047929005662
2000-01-01T00:00:00.00Z, 36.00426719776137, -120.6190027347093, 8.266000809073072, -, -, - , -, -, - ,0.11539297773076646
2000-01-01T00:00:00.00Z, 36.04068830733466, -120.61712903484245, 2.2734790873203963, -, -, - , -, -, - ,0.11616125392057046
2000-01-01T00:00:00.00Z, 36.07814809705906, -120.61444000706396, 11.401841046224032, -, -, - , -, -, - ,0.08438630276468674
2000-01-01T00:00:00.00Z, 35.557618192889514, -120.60940630254939, 1.7431314700135618, -, -, - , -, -, - ,0.013636267686571368
2000-01-01T00:00:00.00Z, 35.6104153741648, -120.60921296644595, 9.467297092105856, -, -, - , -, -, - ,0.03346011450790159
2000-01-01T00:00:00.00Z, 35.69260523001778, -120.60982565815002, 12.8983362631258, -, -, - , -, -, - ,0.07007467148129512
2000-01-01T00:00:00.00Z, 35.71292449302463, -120.6095725496851, 15.73639983002273, -, -, - , -, -, - ,0.06868329387565318
2000-01-01T00:00:00.00Z, 35.99564637790738, -120.61391624823837, 11.84243840613669, -, -, - , -, -, - ,0.09050575419398486
2000-01-01T00:00:00.00Z, 36.00137434811397, -120.61224403279093, 0.7716163458329894, -, -, - , -, -, - ,0.11471987009965082
2000-01-01T00:00:00.00Z, 35.71868165376189, -120.60158582867314, 16.816887864694394, -, -, - , -, -, - ,0.0714567547541159
2000-01-01T00:00:00.00Z, 35.98634474699922, -120.60265016280731, 6.587480787909455, -, -, - , -, -, - ,0.08685678191668067
2000-01-01T00:00:00.00Z, 36.05953456892305, -120.60028117716217, 7.737780696168658, -, -, - , -, -, - ,0.12562696637070672
2000-01-01T00:00:00.00Z, 35.74450841667732, -120.59624982100806, 17.6337720477974, -, -, - , -, -, - ,0.0672680841745433
2000-01-01T00:00:00.00Z, 35.99900113044709, -120.59445302506708, 16.242005257731122, -, -, - , -, -, - ,0.1913754332760403
2000-01-01T00:00:00.00Z, 36.033277060499636, -120.59240840139489, 7.134600407733236, -, -, - , -, -, - ,0.18841592591797154
2000-01-01T00:00:00.00Z, 35.980703536041474, -120.5902831983286, 6.3411782785470505, -, -, - , -, -, - ,0.12069430657816632
2000-01-01T00:00:00.00Z, 36.02660723849277, -120.58507830689278, 7.1437158615255285, -, -, - , -, -, - ,0.2370128572464616
2000-01-01T00:00:00.00Z, 36.03754761622219, -120.58226275075516, 2.9169541461131523, -, -, - , -, -, - ,0.14331507140365068
2000-01-01T00:00:00.00Z, 36.05246168310326, -120.58477108737118, 1.9926025379507502, -, -, - , -, -, - ,0.1026949889248068
2000-01-01T00:00:00.00Z, 36.07079866920002, -120.58438485401692, 19.992648896335314, -, -, - , -, -, - ,0.061308179311629116
2000-01-01T00:00:00.00Z, 35.971656273713144, -120.57552766228685, 4.000933800446632, -, -, - , -, -, - ,0.15502596149350562
2000-01-01T00:00:00.00Z, 36.000741554171306, -120.5802430015401, 15.549494552707495, -, -, - , -, -, - ,0.2886075367031794
2000-01-01T00:00:00.00Z, 35.76052857143197, -120.57417488015787, 4.039751148130645, -, -, - , -, -, - ,0.07294063310069197
2000-01-01T00:00:00.00Z, 35.99062282723204, -120.57155425972236, 3.373339117080879, -, -, - , -, -, - ,0.29408551934463595
2000-01-01T00:00:00.00Z, 35.99012767361582, -120.57311566784405, 15.477061787108163, -, -, - , -, -, - ,0.3254853470478678
2000-01-01T00:00:00.00Z, 35.59387329888453, -120.56850587619536, 13.989393732406759, -, -, - , -, -, - ,0.01493906636631877
2000-01-01T00:00:00.00Z, 35.709194462442156, -120.5674071369429, 3.9004493824763444, -, -, - , -, -, - ,0.09165260847602107
2000-01-01T00:00:00.00Z, 35.72830877583329, -120.56418746474341, -0.08311538574036709, -, -, - , -, -, - ,0.0805317732853067
2000-01-01T00:00:00.00Z, 35.996336834813214, -120.56634786232961, 9.732947255787046, -, -, - , -, -, - ,0.5180254487438516
2000-01-01T00:00:00.00Z, 36.03432281951151, -120.56616837257175, 16.332791132267218, -, -, - , -, -, - ,0.1531143409846554
2000-01-01T00:00:00.00Z, 36.04718520569555, -120.56524617543481, 6.949724004117662, -, -, - , -, -, - ,0.1223668746339206
2000-01-01T00:00:00.00Z, 35.62074322931085, -120.55915006297418, 4.87356989052397, -, -, - , -, -, - ,0.024739878855748174
2000-01-01T00:00:00.00Z, 35.72603950413853, -120.55972681545184, 13.012024664666292, -, -, - , -, -, - ,0.11201178919730288
2000-01-01T00:00:00.00Z, 35.98373418553414, -120.55957515135401, 8.03575798035038, -, -, - , -, -, - ,0.5898003868679988
2000-01-01T00:00:00.00Z, 35.992379921487235, -120.56154257597825, 6.477809513234566, -, -, - , -, -, - ,0.4984751515950565
2000-01-01T00:00:00.00Z, 35.99397025322824, -120.56381814063603, 15.21976538988945, -, -, - , -, -, - ,0.42248903855770026
2000-01-01T00:00:00.00Z, 36.018665870444146, -120.56239670079546, 10.051512850880664, -, -, - , -, -, - ,0.3437398531488044
2000-01-01T00:00:00.00Z, 35.67406693182713, -120.55479833687085, 10.120738260133137, -, -, - , -, -, - ,0.06927577685777281
2000-01-01T00:00:00.00Z, 35.69302307159477, -120.55813987323761, 9.751665634895101, -, -, - , -, -, - ,0.09037193301308799
2000-01-01T00:00:00.00Z, 35.71508952572159, -120.55535822684416, 6.749079457546389, -, -, - , -, -, - ,0.10947198981301802
2000-01-01T00:00:00.00Z, 35.75793061146565, -120.55731252294778, 7.711629409714838, -, -, - , -, -, - ,0.10394992670816179
2000-01-01T00:00:00.00Z, 35.72261069970829, -120.5494195217343, 11.780311149378955, -, -, - , -, -, - ,0.12421033670208252
2000-01-01T00:00:00.00Z, 35.959505016731875, -120.5477534152217, 4.7220432829580306, -, -, - , -, -, - ,0.3313995363332749
2000-01-01T00:00:00.00Z, 36.03466121799297, -120.54828673925213, 4.706832865391224, -, -, - , -, -, - ,0.12672200720608331
2000-01-01T00:00:00.00Z, 36.01336799711508, -120.54475502626403, 11.519132046317514, -, -, - , -, -, - ,0.33550692452998115
2000-01-01T00:00:00.00Z, 35.965017437067594, -120.53824318463737, 9.571872101700965, -, -, - , -, -, - ,1.057467941713077
2000-01-01T00:00:00.00Z, 35.97190066091038, -120.54098847923886, 13.624402876896287, -, -, - , -, -, - ,1.0866648957438354
2000-01-01T00:00:00.00Z, 35.97542631722606, -120.53748515718853, 9.875475273786883, -, -, - , -, -, - ,1.4192967610270553
2000-01-01T00:00:00.00Z, 35.97531358202277, -120.54094974632712, 12.870324994312751, -, -, - , -, -, - ,1.1190894174935517
2000-01-01T00:00:00.00Z, 35.98493946220283, -120.53884042385091, 3.4158890997724787, -, -, - , -, -, - ,0.49053145376188145
2000-01-01T00:00:00.00Z, 35.991486718007145, -120.53872687699248, 9.428094714335808, -, -, - , -, -, - ,0.9040613701845615
2000-01-01T00:00:00.00Z, 36.0074690947275, -120.53880178166106, 3.3594235534276193, -, -, - , -, -, - ,0.25634628048238467
2000-01-01T00:00:00.00Z, 36.01014560933742, -120.53698284726372, 10.843283465087104, -, -, - , -, -, - ,0.36870067526155653
2000-01-01T00:00:00.00Z, 35.90358642836561, -120.53177701382293, 4.029084350021587, -, -, - , -, -, - ,0.17309499279006912
2000-01-01T00:00:00.00Z, 35.90848518674253, -120.53580771234745, 16.83987797785485, -, -, - , -, -, - ,0.23749609493565985
2000-01-01T00:00:00.00Z, 35.96952876401868, -120.53519276279525, 1.4997340311777863, -, -, - , -, -, - ,0.429864030180814
2000-01-01T00:00:00.00Z, 35.97292963355165, -120.5330140097475, 12.897660046911042, -, -, - , -, -, - ,1.411575358800898
2000-01-01T00:00:00.00Z, 35.9717518306979, -120.53337773809774, 13.77385680413075, -, -, - , -, -, - ,1.1580018076985594
2000-01-01T00:00:00.00Z, 35.98090853900195, -120.533908814599, 10.220063692865752, -, -, - , -, -, - ,1.3810377279959185
2000-01-01T00:00:00.00Z, 36.00802964284088, -120.53308713287024, 16.45639536257088, -, -, - , -, -, - ,0.22549031263123595
2000-01-01T00:00:00.00Z, 35.959984608490636, -120.52823304891697, 4.408239005116246, -, -, - , -, -, - ,1.0092316882802748
2000-01-01T00:00:00.00Z, 35.96612513396947, -120.52743648030209, 11.03659280379578, -, -, - , -, -, - ,2.4630065329939206
2000-01-01T00:00:00.00Z, 35.97249271481568, -120.5260751778775, 5.22053956529818, -, -, - , -, -, - ,1.003321439251044
2000-01-01T00:00:00.00Z, 35.975140779247354, -120.52630316088855, 0.21624895646902292, -, -, - , -, -, - ,0.2923454997584278
2000-01-01T00:00:00.00Z, 35.97884640691581, -120.5291919685977, 11.768873505717806, -, -, - , -, -, - ,1.2433229961747327
2000-01-01T00:00:00.00Z, 35.729421390567275, -120.52423285095004, 8.33593169183377, -, -, - , -, -, - ,0.1535100324516059
2000-01-01T00:00:00.00Z, 35.75222922426805, -120.52368121067103, 12.608636674163572, -, -, - , -, -, - ,0.17282288152618483
2000-01-01T00:00:00.00Z, 35.88255410448121, -120.52051753115221, 14.634316709636323, -, -, - , -, -, - ,0.14602084101688437
2000-01-01T00:00:00.00Z, 35.89747727624217, -120.52198752317116, 5.445730910392102, -, -, - , -, -, - ,0.4471553126904324
2000-01-01T00:00:00.00Z, 35.9359700506768, -120.51960681571771, 18.90610880481148, -, -, - , -, -, - ,0.44015363114154316
2000-01-01T00:00:00.00Z, 35.940325951528415, -120.52058087425034, 16.997868017377947, -, -, - , -, -, - ,0.6918593164050186
2000-01-01T00:00:00.00Z, 35.956421369536315, -120.52405505322466, 7.309324916458251, -, -, - , -, -, - ,2.807960950131127
2000-01-01T00:00:00.00Z, 35.96517627834707, -120.52339012537054, 9.485401497856898, -, -, - , -, -, - ,3.61964125621072
2000-01-01T00:00:00.00Z, 35.718101666750094, -120.51785621642753, 14.561084476971365, -, -, - , -, -, - ,0.12010391973856784
2000-01-01T00:00:00.00Z, 35.747302670432155, -120.51497767034526, 5.785935263502558, -, -, - , -, -, - ,0.17174952132034535
2000-01-01T00:00:00.00Z, 35.774302562879676, -120.51810084319386, 1.5852240976202587, -, -, - , -, -, - ,0.12126588960552943
2000-01-01T00:00:00.00Z, 35.78094381924859, -120.51928181836452, 9.041838946731371, -, -, - , -, -, - ,0.06342001524000124
2000-01-01T00:00:00.00Z, 35.80348739883977, -120.51714658353467, 1.4031964762738087, -, -, - , -, -, - ,0.03473039531686606
2000-01-01T00:00:00.00Z, 35.90502806055044, -120.5151998153823, 5.949324011686901, -, -, - , -, -, - ,0.6203015718401101
2000-01-01T00:00:00.00Z, 35.94867144925379, -120.51810786662632, 13.650059533329491, -, -, - , -, -, - ,2.335791969177636
2000-01-01T00:00:00.00Z, 35.95231170986388, -120.51662302367322, 11.952633038560219, -, -, - , -, -, - ,4.359063583182424
2000-01-01T00:00:00.00Z, 35.958823066989446, -120.51695557359633, 1.4108916121381756, -, -, - , -, -, - ,0.517401363800731
2000-01-01T00:00:00.00Z, 35.972706502546046, -120.51876352574116, 5.818956914442218, -, -, - , -, -, - ,1.2818995609890762
2000-01-01T00:00:00.00Z, 35.97966415083023, -120.51933398466684, 8.623284958591432, -, -, - , -, -, - ,0.8729341393618096
2000-01-01T00:00:00.00Z, 35.98064700434672, -120.51482058483485, 18.183716038593296, -, -, - , -, -, - ,0.36193101394569216
2000-01-01T00:00:00.00Z, 35.68009149399574, -120.51085163528154, 5.977868127472689, -, -, - , -, -, - ,0.04318485116201728
2000-01-01T00:00:00.00Z, 35.886133912397796, -120.5130330226037, 0.3725999863205328, -, -, - , -, -, - ,0.26357910323679
2000-01-01T00:00:00.00Z, 35.901299347833984, -120.51210760698174, 11.956704769154719, -, -, - , -, -, - ,0.8940732141889218
2000-01-01T00:00:00.00Z, 35.95041927334158, -120.51304640356582, 5.758246962145948, -, -, - , -, -, - ,3.084285485071174
2000-01-01T00:00:00.00Z, 35.94936277646014, -120.51173986268671, 17.82324549828832, -, -, - , -, -, - ,0.6536239064698022
2000-01-01T00:00:00.00Z, 35.88634989439463, -120.50601858722003, 8.635324814643244, -, -, - , -, -, - ,0.5166522049224836
2000-01-01T00:00:00.00Z, 35.89073471156799, -120.50731113399227, 8.279930869328371, -, -, - , -, -, - ,1.057511407471925
2000-01-01T00:00:00.00Z, 35.90346095006765, -120.5035842515248, 1.7536156181281477, -, -, - , -, -, - ,0.5761209484807642
2000-01-01T00:00:00.00Z, 35.909213922505224, -120.50633925045622, 2.1431420726046806, -, -, - , -, -, - ,0.6164004661968507
2000-01-01T00:00:00.00Z, 35.94613777594044, -120.50710368416219, 4.740350310830874, -, -, - , -, -, - ,1.8030273805758483
2000-01-01T00:00:00.00Z, 35.95509246625589, -120.50801316442441, 13.765122758080505, -, -, - , -, -, - ,3.2344467054780526
2000-01-01T00:00:00.00Z, 35.70095961451092, -120.4996886673092, 1.1844633079802158, -, -, - , -, -, - ,0.05354436861845247
2000-01-01T00:00:00.00Z, 35.882391847336386, -120.49977800067167, -0.02468030957931472, -, -, - , -, -, - ,0.2669331218290701
2000-01-01T00:00:00.00Z, 35.89977719766909, -120.49811771950642, 15.639494540024462, -, -, - , -, -, - ,1.0363223940470356
2000-01-01T00:00:00.00Z, 35.94297133915994, -120.49781706385332, 4.334179207401502, -, -, - , -, -, - ,1.9020675145007917
2000-01-01T00:00:00.00Z, 35.945050515796105, -120.4998531645197, 13.069194245829015, -, -, - , -, -, - ,13.52469721221284
2000-01-01T00:00:00.00Z, 35.961709837195265, -120.49965531086261, 12.492222772765613, -, -, - , -, -, - ,0.4110254379619335
2000-01-01T00:00:00.00Z, 35.74339698017785, -120.49458493303426, 12.28908054525577, -, -, - , -, -, - ,0.19886927802421797
2000-01-01T00:00:00.00Z, 35.775219111439256, -120.4946951739549, 8.078206811280138, -, -, - , -, -, - ,0.24450597049622275
2000-01-01T00:00:00.00Z, 35.900730398403624, -120.49231755510974, 1.9851138245699418, -, -, - , -, -, - ,0.6268050783791959
2000-01-01T00:00:00.00Z, 35.929632071822724, -120.49355876562599, 4.938068897507688, -, -, - , -, -, - ,2.8742411118854663
2000-01-01T00:00:00.00Z, 35.73507143971246, -120.49109925381575, 13.674188963844474, -, -, - , -, -, - ,0.1519364133875327
2000-01-01T00:00:00.00Z, 35.88688593963414, -120.49010081156784, 0.4636415019059979, -, -, - , -, -, - ,0.37990100404489185
2000-01-01T00:00:00.00Z, 35.91034260059528, -120.49030035538375, 12.965473486622312, -, -, - , -, -, - ,0.7946038320755529
2000-01-01T00:00:00.00Z, 35.91325964961838, -120.49142372446171, 18.314432867550597, -, -, - , -, -, - ,0.685753339299493
2000-01-01T00:00:00.00Z, 35.785343232432105, -120.4847374069454, 1.8266363911047296, -, -, - , -, -, - ,0.18083460871209237
2000-01-01T00:00:00.00Z, 35.905853781415054, -120.48533602293827, 4.236437835373611, -, -, - , -, -, - ,1.406829237251605
2000-01-01T00:00:00.00Z, 35.92774982605065, -120.48351590279195, 1.733096370861617, -, -, - , -, -, - ,0.7029042232895117
2000-01-01T00:00:00.00Z, 35.934298505140276, -120.48490443838996, 2.0544557064386297, -, -, - , -, -, - ,0.7589530088982555
2000-01-01T00:00:00.00Z, 35.943007459193296, -120.483285147479, 16.851698634096692, -, -, - , -, -, - ,0.8990977477237536
2000-01-01T00:00:00.00Z, 35.949040547857486, -120.48490719871474, 8.790363423343024, -, -, - , -, -, - ,2.8423432198192504
2000-01-01T00:00:00.00Z, 35.767632977614, -120.47975011140154, 16.019942644453018, -, -, - , -, -, - ,0.23470863108751025
2000-01-01T00:00:00.00Z, 35.88596363331247, -120.4802089028771, 0.6129246595382609, -, -, - , -, -, - ,0.4554368029688369
2000-01-01T00:00:00.00Z, 35.88588047277693, -120.47838766908714, 2.673865991248748, -, -, - , -, -, - ,0.611530032946075
2000-01-01T00:00:00.00Z, 35.89714350215458, -120.47836616433985, -0.09274538409539895, -, -, - , -, -, - ,0.4655413040949695
2000-01-01T00:00:00.00Z, 35.91082928952604, -120.47590309453541, 14.176809262925474, -, -, - , -, -, - ,3.9312844095472097
2000-01-01T00:00:00.00Z, 35.915081069282074, -120.4785365731354, 6.750789844141952, -, -, - , -, -, - ,3.518860438818653
2000-01-01T00:00:00.00Z, 35.94927861409775, -120.47524025643402, 7.655309839933507, -, -, - , -, -, - ,3.1232195313175364
2000-01-01T00:00:00.00Z, 35.70296255215055, -120.47409769020621, 5.27615296311071, -, -, - , -, -, - ,0.01058537834985245
2000-01-01T00:00:00.00Z, 35.78805054538874, -120.47230880592798, 15.452997194391992, -, -, - , -, -, - ,0.27159839743572844
2000-01-01T00:00:00.00Z, 35.88546372474194, -120.47484605487747, 2.9047097131620183, -, -, - , -, -, - ,0.7577514582052123
2000-01-01T00:00:00.00Z, 35.924072144258524, -120.46975320229429, 6.863422835821845, -, -, - , -, -, - ,36.09770294867264
2000-01-01T00:00:00.00Z, 35.92595297153612, -120.47184846641262, 15.707655111690139, -, -, - , -, -, - ,2.384364066442239
2000-01-01T00:00:00.00Z, 35.94948553655083, -120.47362969227868, 19.904401081210377, -, -, - , -, -, - ,0.33729625571532373
2000-01-01T00:00:00.00Z, 35.87336636121505, -120.46827447682482, 18.539698978727344, -, -, - , -, -, - ,0.4878953240273056
2000-01-01T00:00:00.00Z, 35.90427587120835, -120.46797777761559, 16.253384406111593, -, -, - , -, -, - ,1.5604197160878868
2000-01-01T00:00:00.00Z, 35.96156187426485, -120.46554041580741, 5.628437662847094, -, -, - , -, -, - ,0.5696569674443505
2000-01-01T00:00:00.00Z, 35.96588605082042, -120.46657274824274, 19.478846812091902, -, -, - , -, -, - ,0.2265939040069262
2000-01-01T00:00:00.00Z, 35.91411925183154, -120.46376277614978, 20.241752121819005, -, -, - , -, -, - ,0.5118958854246786
2000-01-01T00:00:00.00Z, 35.93012267192779, -120.45839210405695, 15.03068488835229, -, -, - , -, -, - ,2.2281302166517625
2000-01-01T00:00:00.00Z, 35.953418271906315, -120.46204089390419, 0.6274597393427114, -, -, - , -, -, - ,0.32453325575598024
2000-01-01T00:00:00.00Z, 35.83448328688061, -120.45815867455585, 16.94364960456871, -, -, - , -, -, - ,0.255358099886269
2000-01-01T00:00:00.00Z, 35.853746753349114, -120.45325451123234, 1.1856092615147562, -, -, - , -, -, - ,0.42378667986625923
2000-01-01T00:00:00.00Z, 35.86707631819704, -120.45702725711655, 1.0108296169544095, -, -, - , -, -, - ,0.5530655813902092
2000-01-01T00:00:00.00Z, 35.877502245284845, -120.45300965802252, 19.04963340459951, -, -, - , -, -, - ,0.6378042450979997
2000-01-01T00:00:00.00Z, 35.890115280699405, -120.45280155236898, 2.108284964267572, -, -, - , -, -, - ,0.9824998962071382
2000-01-01T00:00:00.00Z, 35.89186912753913, -120.45557394799654, 8.31245311252287, -, -, - , -, -, - ,1.527487276261223
2000-01-01T00:00:00.00Z, 35.91194609307997, -120.45459535026758, 7.061491021434539, -, -, - , -, -, - ,10.552568771024527
2000-01-01T00:00:00.00Z, 35.914353138091194, -120.45797604291698, 14.298973146447228, -, -, - , -, -, - ,4.398908301927983
2000-01-01T00:00:00.00Z, 35.925297679905874, -120.4542568342372, 13.397742251062228, -, -, - , -, -, - ,2.237318660466826
2000-01-01T00:00:00.00Z, 35.94362301175071, -120.45367048833037, 11.431779436500516, -, -, - , -, -, - ,0.3633980432405072
2000-01-01T00:00:00.00Z, 35.78359584668388, -120.447746747863, 14.244086563457012, -, -, - , -, -, - ,0.43988734112976313
2000-01-01T00:00:00.00Z, 35.80666080147822, -120.44814029672148, 3.0610839440208375, -, -, - , -, -, - ,0.3376299603752846
2000-01-01T00:00:00.00Z, 35.81311759794697, -120.4481138712194, 16.601084201383873, -, -, - , -, -, - ,0.3296427476068974
2000-01-01T00:00:00.00Z, 35.862962493780444, -120.45168127479954, 1.1646725502725732, -, -, - , -, -, - ,0.5768144827441316
2000-01-01T00:00:00.00Z, 35.90046453909822, -120.4508333578901, 0.4364794754631156, -, -, - , -, -, - ,0.6490785166918545
2000-01-01T00:00:00.00Z, 35.90714981015112, -120.45131105454021, 2.561113693900366, -, -, - , -, -, - ,1.1354933125123905
2000-01-01T00:00:00.00Z, 35.91958008941007, -120.44815675344393, 3.2066417161911023, -, -, - , -, -, - ,1.1625155278980055
2000-01-01T00:00:00.00Z, 35.931174789940975, -120.45108325734688, 13.93608965208236, -, -, - , -, -, - ,1.3056844164122254
2000-01-01T00:00:00.00Z, 35.93394166424848, -120.45107024277031, 0.6724395849641428, -, -, - , -, -, - ,0.4143769424125973
2000-01-01T00:00:00.00Z, 35.94727420616932, -120.45169705045271, 16.488470058750124, -, -, - , -, -, - ,0.7421102209765753
2000-01-01T00:00:00.00Z, 35.95774699792015, -120.45231620641303, 18.79252539851444, -, -, - , -, -, - ,0.28824147399561906
2000-01-01T00:00:00.00Z, 35.845318902057414, -120.44524496527093, 16.522404878842696, -, -, - , -, -, - ,0.6670448861812449
2000-01-01T00:00:00.00Z, 35.880304747427445, -120.44598617901671, 12.394658262007004, -, -, - , -, -, - ,0.9736067687527843
2000-01-01T00:00:00.00Z, 35.90753282203644, -120.44650324328785, 20.191681843399003, -, -, - , -, -, - ,0.5093989063594625
2000-01-01T00:00:00.00Z, 35.91601922225174, -120.44576341038193, 5.2107918034598, -, -, - , -, -, - ,1.7222623146190947
2000-01-01T00:00:00.00Z, 35.92176546649983, -120.4440773229128, 3.029272343462414, -, -, - , -, -, - ,0.9251905052390731
2000-01-01T00:00:00.00Z, 35.93872010690219, -120.44465774574199, 1.768271038589106, -, -, - , -, -, - ,0.49456515117693445
2000-01-01T00:00:00.00Z, 35.94753225137617, -120.44593098663368, 2.78885131951227, -, -, - , -, -, - ,0.5306763757693359
2000-01-01T00:00:00.00Z, 35.94835546835764, -120.44558775266148, 8.912400988161938, -, -, - , -, -, - ,1.078713077663533
2000-01-01T00:00:00.00Z, 35.94935965312549, -120.44171190760163, 9.94077650761667, -, -, - , -, -, - ,1.080662293502763
2000-01-01T00:00:00.00Z, 35.96365318098451, -120.44319658951407, 5.731130126485441, -, -, - , -, -, - ,0.7932738880428042
2000-01-01T00:00:00.00Z, 35.968329919353025, -120.44533684661691, 10.190337744211794, -, -, - , -, -, - ,1.4595463241903393
2000-01-01T00:00:00.00Z, 35.96804229225805, -120.44575895225043, 12.738614173992698, -, -, - , -, -, - ,1.1225969032242
2000-01-01T00:00:00.00Z, 35.97490485377313, -120.44570005951553, 14.329900307414785, -, -, - , -, -, - ,0.4116229246391037
2000-01-01T00:00:00.00Z, 35.790889573205874, -120.43967660734937, 14.364364431932106, -, -, - , -, -, - ,0.4960091167569711
2000-01-01T00:00:00.00Z, 35.88132649733762, -120.43844732006353, 18.706102983629535, -, -, - , -, -, - ,0.9151290949020121
2000-01-01T00:00:00.00Z, 35.89007339646631, -120.43765003852013, 5.418357448388999, -, -, - , -, -, - ,4.508904849870162
2000-01-01T00:00:00.00Z, 35.89244488292254, -120.43835519192349, 12.329860730236359, -, -, - , -, -, - ,12.548298375474815
2000-01-01T00:00:00.00Z, 35.88976476023815, -120.4379657586905, 14.592549950618688, -, -, - , -, -, - ,4.492864355888175
2000-01-01T00:00:00.00Z, 35.89841295791095, -120.43925015773614, 9.957498013502732, -, -, - , -, -, - ,6.150989147526387
2000-01-01T00:00:00.00Z, 35.927841808460485, -120.4389393461049, 15.18549678501877, -, -, - , -, -, - ,0.5572574115511773
2000-01-01T00:00:00.00Z, 35.950032814668084, -120.43875853658284, 12.953647392113556, -, -, - , -, -, - ,0.7147320055969107
2000-01-01T00:00:00.00Z, 35.97404107539661, -120.43991131572754, 20.166647344305982, -, -, - , -, -, - ,0.15241530511555065
2000-01-01T00:00:00.00Z, 35.760610343217095, -120.43296017698941, 0.4891102472803916, -, -, - , -, -, - ,0.08148143649421519
2000-01-01T00:00:00.00Z, 35.77943867613612, -120.43095520392343, 4.583433400694624, -, -, - , -, -, - ,0.2864440778865587
2000-01-01T00:00:00.00Z, 35.788421853580864, -120.435971470365, 6.0800191833125, -, -, - , -, -, - ,0.5019266869174124
2000-01-01T00:00:00.00Z, 35.787171799682284, -120.43426099216204, 9.067496999022856, -, -, - , -, -, - ,0.6953890667345279
2000-01-01T00:00:00.00Z, 35.79156712758943, -120.4316986546748, 5.525521015800148, -, -, - , -, -, - ,0.512485165796084
2000-01-01T00:00:00.00Z, 35.81318755571883, -120.4308190503303, 14.276118934490622, -, -, - , -, -, - ,0.40152605814350273
2000-01-01T00:00:00.00Z, 35.85333612209213, -120.43429063742447, 14.441461038378943, -, -, - , -, -, - ,2.1552212777177546
2000-01-01T00:00:00.00Z, 35.857808467176675, -120.43354018179616, 15.87205260193046, -, -, - , -, -, - ,1.822571413885262
2000-01-01T00:00:00.00Z, 35.871423754890216, -120.4314726769154, 16.126936953566403, -, -, - , -, -, - ,2.31053441073666
2000-01-01T00:00:00.00Z, 35.892387239858145, -120.43541297790073, 4.30072249033676, -, -, - , -, -, - ,2.620609581849815
2000-01-01T00:00:00.00Z, 35.89167978020432, -120.43308249207804, 12.868509162625227, -, -, - , -, -, - ,6.451908527930263
2000-01-01T00:00:00.00Z, 35.9085615836201, -120.43469310494864, 15.581566249590782, -, -, - , -, -, - ,1.143283475589697
2000-01-01T00:00:00.00Z, 35.95169564931737, -120.43303973216075, 18.787838333337234, -, -, - , -, -, - ,0.26350720739242756
2000-01-01T00:00:00.00Z, 35.97063611312903, -120.43114675517867, 6.419397350823607, -, -, - , -, -, - ,0.6482607936679148
2000-01-01T00:00:00.00Z, 35.793209494931766, -120.42580452031258, 10.530250620747774, -, -, - , -, -, - ,0.7853973897112168
2000-01-01T00:00:00.00Z, 35.80254711904847, -120.42985096317042, 3.7058311147282263, -, -, - , -, -, - ,0.45356853142496995
2000-01-01T00:00:00.00Z, 35.83997836089851, -120.42522346338102, 3.8612042216021036, -, -, - , -, -, - ,1.1981831386566089
2000-01-01T00:00:00.00Z, 35.843750621525224, -120.42563765265429, 13.620476664036124, -, -, - , -, -, - ,0.07771531382345519
2000-01-01T00:00:00.00Z, 35.85287568527368, -120.42682408965155, 3.7066526395020984, -, -, - , -, -, - ,1.5771270231263803
2000-01-01T00:00:00.00Z, 35.858974896665124, -120.42718837918304, 1.493922583387656, -, -, - , -, -, - ,0.8571921950864737
2000-01-01T00:00:00.00Z, 35.86014332915093, -120.42923946246957, 5.474180140810464, -, -, - , -, -, - ,3.843844912303735
2000-01-01T00:00:00.00Z, 35.8701726212593, -120.42980712940421, 18.94193736162162, -, -, - , -, -, - ,0.7748905091326116
2000-01-01T00:00:00.00Z, 35.87388743560803, -120.42669534678319, 0.04058139455249593, -, -, - , -, -, - ,0.5887384970490934
2000-01-01T00:00:00.00Z, 35.8812116771084, -120.42966618407843, 14.158084288036447, -, -, - , -, -, - ,6.593226436539653
2000-01-01T00:00:00.00Z, 35.91883976764057, -120.42739537272548, 15.836706271527733, -, -, - , -, -, - ,0.33119763662328144
2000-01-01T00:00:00.00Z, 35.81430871156167, -120.41987613253268, 14.024015620103098, -, -, - , -, -, - ,0.416506002362507
2000-01-01T00:00:00.00Z, 35.84549927231842, -120.42441577388449, 0.6309787678330332, -, -, - , -, -, - ,0.5777720141713014
2000-01-01T00:00:00.00Z, 35.85088088596233, -120.42249236177481, 2.3566917389825073, -, -, - , -, -, - ,1.124849070054671
2000-01-01T00:00:00.00Z, 35.87774386600455, -120.41987912480155, 14.069866326517634, -, -, - , -, -, - ,7.248069652516996
2000-01-01T00:00:00.00Z, 35.90085505899521, -120.41983872752589, 3.4558460328780796, -, -, - , -, -, - ,0.9979988108909289
2000-01-01T00:00:00.00Z, 35.92420413664088, -120.42018852303913, 3.4264277972414146, -, -, - , -, -, - ,0.14106817259118734
2000-01-01T00:00:00.00Z, 35.80010887870311, -120.41454080746375, 17.325171945319788, -, -, - , -, -, - ,0.3960742188866284
2000-01-01T00:00:00.00Z, 35.843235924098465, -120.4170813377239, 14.130983823689835, -, -, - , -, -, - ,1.9368925435833861
2000-01-01T00:00:00.00Z, 35.849114229506434, -120.41485174423677, 1.9946975456850506, -, -, - , -, -, - ,1.0009813081992298
2000-01-01T00:00:00.00Z, 35.91045562948375, -120.41462396161144, 3.2565345786168693, -, -, - , -, -, - ,0.3654640467975073
2000-01-01T00:00:00.00Z, 35.810473197434554, -120.41301831185908, 2.086170043700148, -, -, - , -, -, - ,0.4824574938871637
2000-01-01T00:00:00.00Z, 35.81732317515284, -120.40922985617397, 18.206552387115476, -, -, - , -, -, - ,0.5974097346014338
2000-01-01T00:00:00.00Z, 35.84953484201264, -120.41181124982161, 3.8936286737822123, -, -, - , -, -, - ,2.3618520428519436
2000-01-01T00:00:00.00Z, 35.85012937415837, -120.41214551337035, 16.207186148945805, -, -, - , -, -, - ,2.3644038166808947
2000-01-01T00:00:00.00Z, 35.89171437577838, -120.40884928764669, 11.431760923774215, -, -, - , -, -, - ,1.8643372380309033
2000-01-01T00:00:00.00Z, 35.90388678191111, -120.40871015417542, 18.189245834054084, -, -, - , -, -, - ,0.4576409859620052
2000-01-01T00:00:00.00Z, 35.9773511051291, -120.41119713916366, 12.06616382907019, -, -, - , -, -, - ,0.3091359271463973
2000-01-01T00:00:00.00Z, 35.994225149574575, -120.40979966745411, 7.803468490553012, -, -, - , -, -, - ,0.25050908908911884
2000-01-01T00:00:00.00Z, 35.834221801207406, -120.40389774401162, 3.712797203751463, -, -, - , -, -, - ,1.3840599721005298
2000-01-01T00:00:00.00Z, 35.85299158560372, -120.40487669909301, 18.191059010920714, -, -, - , -, -, - ,1.0658869475467339
2000-01-01T00:00:00.00Z, 35.87055689123472, -120.40639324637391, 1.763715410279536, -, -, - , -, -, - ,1.0299539196568137
2000-01-01T00:00:00.00Z, 35.89220452773343, -120.40615786463802, 9.263026395279239, -, -, - , -, -, - ,1.5860195543173192
2000-01-01T00:00:00.00Z, 35.89704285813331, -120.40671222810559, 4.566094386035539, -, -, - , -, -, - ,0.7165202426081514
2000-01-01T00:00:00.00Z, 35.78781238337782, -120.40036359162461, 2.2760166716780836, -, -, - , -, -, - ,0.1984890156415142
2000-01-01T00:00:00.00Z, 35.79648339723823, -120.39992584123031, 18.44681193682459, -, -, - , -, -, - ,0.2989696973891868
2000-01-01T00:00:00.00Z, 35.83066908713352, -120.3972495312412, 6.622279548725822, -, -, - , -, -, - ,2.8952696198048713
2000-01-01T00:00:00.00Z, 35.855400244234666, -120.3980965905155, 17.662584748804836, -, -, - , -, -, - ,1.2778013073020076
2000-01-01T00:00:00.00Z, 35.858545399251746, -120.40004541707223, 14.588713313858433, -, -, - , -, -, - ,5.716657635222502
2000-01-01T00:00:00.00Z, 35.95124310998983, -120.39758200029155, 0.6281847968358554, -, -, - , -, -, - ,0.08992704059382245
2000-01-01T00:00:00.00Z, 35.804754289567356, -120.39231780571983, 4.502948679557746, -, -, - , -, -, - ,0.7767984967375614
2000-01-01T00:00:00.00Z, 35.8040076231427, -120.39405107498612, 8.656255627380329, -, -, - , -, -, - ,1.582488470078933
2000-01-01T00:00:00.00Z, 35.810531816197, -120.39386842875817, 0.08371568584026357, -, -, - , -, -, - ,0.35402979834408244
2000-01-01T00:00:00.00Z, 35.80844979905789, -120.39429547709284, 6.0833632341459705, -, -, - , -, -, - ,1.3448209094556325
2000-01-01T00:00:00.00Z, 35.848183432322195, -120.39243803381895, 1.9991236244615416, -, -, - , -, -, - ,1.0358936499163423
2000-01-01T00:00:00.00Z, 35.844283717974534, -120.39199980512826, 4.862273599356951, -, -, - , -, -, - ,4.5950778897669835
2000-01-01T00:00:00.00Z, 35.861168770164916, -120.39378658907081, 18.30717575714996, -, -, - , -, -, - ,0.8522878178503553
2000-01-01T00:00:00.00Z, 35.89418480960731, -120.39475478259378, 15.469655942839452, -, -, - , -, -, - ,0.4910831080676797
2000-01-01T00:00:00.00Z, 35.841688489562, -120.38722885696917, 6.994406759908011, -, -, - , -, -, - ,41.73596765665621
2000-01-01T00:00:00.00Z, 35.86644573919611, -120.38810356709773, 14.950797752070468, -, -, - , -, -, - ,1.8936255801873578
2000-01-01T00:00:00.00Z, 35.89307419428587, -120.38691620602172, 6.126529094988233, -, -, - , -, -, - ,0.5794285445853028
2000-01-01T00:00:00.00Z, 35.88880486086874, -120.38916446281868, 12.267626604382201, -, -, - , -, -, - ,0.24770620230376802
2000-01-01T00:00:00.00Z, 35.89492506345753, -120.38882880172952, 5.41413816853661, -, -, - , -, -, - ,0.36829350111358095
2000-01-01T00:00:00.00Z, 35.89653581795367, -120.39122718285186, 19.3527395503155, -, -, - , -, -, - ,0.35304768488189175
2000-01-01T00:00:00.00Z, 35.851934485911286, -120.38536248835986, 19.087847470880135, -, -, - , -, -, - ,0.7087496578708155
2000-01-01T00:00:00.00Z, 35.86896279547158, -120.38065202205607, 4.618198850387474, -, -, - , -, -, - ,1.4456719814309091
2000-01-01T00:00:00.00Z, 35.874453596121946, -120.38467044050304, 15.631220986673704, -, -, - , -, -, - ,1.2025071671784575
2000-01-01T00:00:00.00Z, 35.98189336531484, -120.38473179622788, 4.483617365615316, -, -, - , -, -, - ,0.04647323160227089
2000-01-01T00:00:00.00Z, 35.990642212087025, -120.3837823383009, 5.465909529593843, -, -, - , -, -, - ,0.08524889307385226
2000-01-01T00:00:00.00Z, 36.02314384019084, -120.38097658955016, 10.428539727302931, -, -, - , -, -, - ,0.08828735308453657
2000-01-01T00:00:00.00Z, 36.049289498196245, -120.38517646116773, 1.8780292036208497, -, -, - , -, -, - ,0.014486299581746444
2000-01-01T00:00:00.00Z, 35.80417221601015, -120.37675481637385, 3.4361126186855473, -, -, - , -, -, - ,0.8353963391811381
2000-01-01T00:00:00.00Z, 35.81121355767823, -120.38024916451454, 0.7590456836550052, -, -, - , -, -, - ,0.5073646522925557
2000-01-01T00:00:00.00Z, 35.80892344054671, -120.37656932500634, 16.690671592623765, -, -, - , -, -, - ,1.0265351911163803
2000-01-01T00:00:00.00Z, 35.824524146611026, -120.37952205126287, 16.683571164736595, -, -, - , -, -, - ,1.5432763622286259
2000-01-01T00:00:00.00Z, 35.83415533105617, -120.37875040845995, 17.912093189681848, -, -, - , -, -, - ,0.9501836669582883
2000-01-01T00:00:00.00Z, 35.83799891397487, -120.37633521588772, 4.1794546656398905, -, -, - , -, -, - ,2.2721593583684423
2000-01-01T00:00:00.00Z, 35.84800240310269, -120.37729271358526, 2.1846019455288905, -, -, - , -, -, - ,0.9709144796103685
2000-01-01T00:00:00.00Z, 35.872191329859014, -120.38020633441394, 19.139572257194274, -, -, - , -, -, - ,0.5498994533911902
2000-01-01T00:00:00.00Z, 35.88872961806341, -120.3785695131173, 18.162226415647897, -, -, - , -, -, - ,0.4983943363876495
2000-01-01T00:00:00.00Z, 35.80867324168148, -120.37388215510873, 1.375838456141176, -, -, - , -, -, - ,0.6078265363750384
2000-01-01T00:00:00.00Z, 35.81508842420899, -120.37363919680527, 1.9552608569153167, -, -, - , -, -, - ,0.7714876215284744
2000-01-01T00:00:00.00Z, 35.82723590359526, -120.37247760832676, 15.624864176617752, -, -, - , -, -, - ,2.744172597776724
2000-01-01T00:00:00.00Z, 35.85656701733078, -120.3718628665196, 3.367921559620372, -, -, - , -, -, - ,1.3064561656827463
2000-01-01T00:00:00.00Z, 35.871416642070365, -120.37243138872513, 17.859703164681346, -, -, - , -, -, - ,0.6349867898147745
2000-01-01T00:00:00.00Z, 36.00753317657999, -120.36998957370417, 16.669041452259037, -, -, - , -, -, - ,0.07656861936460241
2000-01-01T00:00:00.00Z, 35.80326938715904, -120.3655854713051, 3.679635534793493, -, -, - , -, -, - ,1.0368987041524012
2000-01-01T00:00:00.00Z, 35.84642109200784, -120.3673317866971, 6.0968285685489, -, -, - , -, -, - ,1.984023552085254
2000-01-01T00:00:00.00Z, 35.85522844153052, -120.36441810337048, 19.07304873675989, -, -, - , -, -, - ,0.6030501836558946
2000-01-01T00:00:00.00Z, 35.77269977056238, -120.35967692372918, 2.9645953445762996, -, -, - , -, -, - ,0.1921833824976086
2000-01-01T00:00:00.00Z, 35.777437140369884, -120.36057369221258, 16.71961738240301, -, -, - , -, -, - ,0.26162678928661975
2000-01-01T00:00:00.00Z, 35.80783405244719, -120.36375083570752, 6.470811210245215, -, -, - , -, -, - ,5.871195127891075
2000-01-01T00:00:00.00Z, 35.81246108335101, -120.3631004789119, 16.73477291648499, -, -, - , -, -, - ,1.3891037766230563
2000-01-01T00:00:00.00Z, 35.828143865891185, -120.36178384277099, 14.554704713381163, -, -, - , -, -, - ,3.750752985414088
2000-01-01T00:00:00.00Z, 35.8314478432728, -120.35982066893774, 18.38727361716803, -, -, - , -, -, - ,0.7452635877091018
2000-01-01T00:00:00.00Z, 35.848647958943396, -120.35963710563817, 14.75790836926512, -, -, - , -, -, - ,1.2698942335660206
2000-01-01T00:00:00.00Z, 35.78971458235621, -120.35388695796912, 8.27148280673765, -, -, - , -, -, - ,1.0502015007667411
2000-01-01T00:00:00.00Z, 35.83210892146445, -120.35344648520704, 15.175156619769044, -, -, - , -, -, - ,2.025316416401801
2000-01-01T00:00:00.00Z, 35.843320710330644, -120.35535970395377, 4.254463852620854, -, -, - , -, -, - ,1.3848437142568537
2000-01-01T00:00:00.00Z, 35.84805674740435, -120.35492723380123, 1.6701968709066817, -, -, - , -, -, - ,0.6445470868542751
2000-01-01T00:00:00.00Z, 35.858230421670214, -120.35296818670533, 15.269788895926569, -, -, - , -, -, - ,0.6855765379763439
2000-01-01T00:00:00.00Z, 36.008193749570985, -120.35648307707595, 12.63957184101103, -, -, - , -, -, - ,0.0834507470252389
2000-01-01T00:00:00.00Z, 36.06552936057949, -120.3567188118623, 8.509738875886692, -, -, - , -, -, - ,0.027611557227475488
2000-01-01T00:00:00.00Z, 36.08216397871932, -120.35769984403021, 5.617734275141323, -, -, - , -, -, - ,0.012613891076246758
2000-01-01T00:00:00.00Z, 35.78112068788707, -120.35192663320363, 19.268950916528524, -, -, - , -, -, - ,0.3199953653735629
2000-01-01T00:00:00.00Z, 35.7882000587963, -120.35028530991106, 13.398690858977435, -, -, - , -, -, - ,1.2155936799962952
2000-01-01T00:00:00.00Z, 35.799010895795114, -120.34776026368539, 12.253745214071795, -, -, - , -, -, - ,4.907967393464241
2000-01-01T00:00:00.00Z, 35.80828385586188, -120.34949097695817, 11.961652219818589, -, -, - , -, -, - ,7.412357312166987
2000-01-01T00:00:00.00Z, 35.815424609956224, -120.34948712507428, 4.766408731259608, -, -, - , -, -, - ,2.260075287292319
2000-01-01T00:00:00.00Z, 35.84188408477739, -120.35200068410407, 19.073334282293818, -, -, - , -, -, - ,0.5342291406372595
2000-01-01T00:00:00.00Z, 35.89458524491708, -120.35193652121157, 12.612840904758961, -, -, - , -, -, - ,0.05789334799805306
2000-01-01T00:00:00.00Z, 35.998278215838845, -120.35244596071622, 2.0004507827964195, -, -, - , -, -, - ,0.07248269665084016
2000-01-01T00:00:00.00Z, 36.05463809543426, -120.35244066286516, 5.747963358593211, -, -, - , -, -, - ,0.04806299280787077
2000-01-01T00:00:00.00Z, 35.80663941781475, -120.3433980215194, 4.087786445618966, -, -, - , -, -, - ,1.322700882957932
2000-01-01T00:00:00.00Z, 35.87227222831196, -120.34639177166193, 2.4680878202901515, -, -, - , -, -, - ,0.3835358258234168
2000-01-01T00:00:00.00Z, 36.06227292229589, -120.34206433771364, 9.642361992973354, -, -, - , -, -, - ,0.045119295650870715
2000-01-01T00:00:00.00Z, 35.77304200364002, -120.33932770843498, 11.700970625001752, -, -, - , -, -, - ,0.878033175088303
2000-01-01T00:00:00.00Z, 35.793333646782166, -120.34068778377869, 15.877190304976795, -, -, - , -, -, - ,0.9901606701233652
2000-01-01T00:00:00.00Z, 35.93386233534296, -120.33739231815754, 1.3193714371599077, -, -, - , -, -, - ,0.06712700947993683
2000-01-01T00:00:00.00Z, 35.744891489088495, -120.33144659007853, 16.32620853776521, -, -, - , -, -, - ,0.16336852266911775
2000-01-01T00:00:00.00Z, 35.75495491999713, -120.33264260859444, 19.58527763115238, -, -, - , -, -, - ,0.1897867170681783
2000-01-01T00:00:00.00Z, 35.76410496778126, -120.33467361340414, 8.203688473459676, -, -, - , -, -, - ,0.5766821860305229
2000-01-01T00:00:00.00Z, 35.78418815677593, -120.33073322829006, 2.294912987809307, -, -, - , -, -, - ,0.549854309488916
2000-01-01T00:00:00.00Z, 35.798315295051715, -120.33453938047286, 1.446616971811391, -, -, - , -, -, - ,0.5295816853155538
2000-01-01T00:00:00.00Z, 35.79583192001264, -120.33175279791287, 18.86335187967223, -, -, - , -, -, - ,0.4660386000772643
2000-01-01T00:00:00.00Z, 35.80697882708382, -120.33263523854325, 13.768664113144206, -, -, - , -, -, - ,1.4405854979713608
2000-01-01T00:00:00.00Z, 35.88867210535231, -120.33542159695277, 4.393806748257796, -, -, - , -, -, - ,0.1647865231288922
2000-01-01T00:00:00.00Z, 35.72865586936862, -120.32491810770753, 5.738234289126432, -, -, - , -, -, - ,0.06090963561555891
2000-01-01T00:00:00.00Z, 35.79089259571584, -120.32762723075645, 16.60852997221227, -, -, - , -, -, - ,0.7700555258933303
2000-01-01T00:00:00.00Z, 35.794177831059535, -120.32664140323402, 13.905401163735979, -, -, - , -, -, - ,1.370744543307653
2000-01-01T00:00:00.00Z, 35.795309256121186, -120.328605051693, 18.963863218725873, -, -, - , -, -, - ,0.44335363550840434
2000-01-01T00:00:00.00Z, 35.851106155207894, -120.32547690868817, 1.9826568463357421, -, -, - , -, -, - ,0.23887170536955166
2000-01-01T00:00:00.00Z, 35.72849695416415, -120.32272953552474, 6.80592931343747, -, -, - , -, -, - ,0.09697429633817196
2000-01-01T00:00:00.00Z, 35.75031881768413, -120.3202637718489, 9.955904656774843, -, -, - , -, -, - ,0.40339894611855276
2000-01-01T00:00:00.00Z, 35.766923235868354, -120.32364407680619, 11.032104514397563, -, -, - , -, -, - ,0.7921943008798563
2000-01-01T00:00:00.00Z, 35.76304888592784, -120.32455607656722, 16.183398970154016, -, -, - , -, -, - ,0.46628395939906025
2000-01-01T00:00:00.00Z, 35.77059979113011, -120.32179877724869, 9.778129419773778, -, -, - , -, -, - ,0.9879970945128796
2000-01-01T00:00:00.00Z, 35.771434295195085, -120.3226201969657, 13.119257271359862, -, -, - , -, -, - ,0.8271996535426809
2000-01-01T00:00:00.00Z, 35.78873225839176, -120.32155497228754, 5.274834116370848, -, -, - , -, -, - ,1.0273061597121205
2000-01-01T00:00:00.00Z, 35.794767375636866, -120.32367872507591, 7.890595538356222, -, -, - , -, -, - ,1.2656488503445116
2000-01-01T00:00:00.00Z, 36.01835500600921, -120.32013747187523, 7.879028880367804, -, -, - , -, -, - ,0.0876986628295007
2000-01-01T00:00:00.00Z, 35.713088812017496, -120.31807468372163, 10.539852117521697, -, -, - , -, -, - ,0.05310740588790338
2000-01-01T00:00:00.00Z, 35.77235803653266, -120.3146374883418, 10.517702862652522, -, -, - , -, -, - ,1.0979609832022288
2000-01-01T00:00:00.00Z, 35.77202432608662, -120.31599313553406, 16.737866138131253, -, -, - , -, -, - ,0.5272677529717317
2000-01-01T00:00:00.00Z, 35.779525850622605, -120.31696476371329, 7.845412004949249, -, -, - , -, -, - ,1.1246603188750377
2000-01-01T00:00:00.00Z, 35.81419274325809, -120.3149727848253, 0.1607429480220648, -, -, - , -, -, - ,0.285054071072067
2000-01-01T00:00:00.00Z, 36.05599645500197, -120.31418906820433, 2.928366302279552, -, -, - , -, -, - ,0.057208407304317914
2000-01-01T00:00:00.00Z, 35.73097201929293, -120.30988459694325, 14.0013499071027, -, -, - , -, -, - ,0.17219925146443246
2000-01-01T00:00:00.00Z, 35.75209641553061, -120.31351574780753, 17.9442901319999, -, -, - , -, -, - ,0.25728630512392314
2000-01-01T00:00:00.00Z, 35.76439432122608, -120.31177372765248, 17.098489803055195, -, -, - , -, -, - ,0.39702514838691333
2000-01-01T00:00:00.00Z, 35.78903212120439, -120.31096580362303, 15.468233436246486, -, -, - , -, -, - ,0.6233224144183438
2000-01-01T00:00:00.00Z, 35.80095454037982, -120.31047269815426, 15.814452844788292, -, -, - , -, -, - ,0.4165554307555062
2000-01-01T00:00:00.00Z, 35.72234249079215, -120.30441993836384, 3.754648681958405, -, -, - , -, -, - ,0.15122451789920713
2000-01-01T00:00:00.00Z, 35.75037329295257, -120.30348388618225, 13.59108041971267, -, -, - , -, -, - ,0.4324829358938523
2000-01-01T00:00:00.00Z, 35.75792668452165, -120.30535658159394, 12.924798867706896, -, -, - , -, -, - ,0.5117668896745123
2000-01-01T00:00:00.00Z, 35.76689829509994, -120.30718177831015, 9.746773528782573, -, -, - , -, -, - ,0.7306674834532919
2000-01-01T00:00:00.00Z, 35.77182710106799, -120.30469828951473, 11.982285347777246, -, -, - , -, -, - ,0.7909511223945745
2000-01-01T00:00:00.00Z, 35.91711682974498, -120.3045513384042, 0.7294297210920098, -, -, - , -, -, - ,0.08949739284743816
2000-01-01T00:00:00.00Z, 35.97044594670816, -120.30776224515056, 5.158816342138998, -, -, - , -, -, - ,0.060056493315352434
2000-01-01T00:00:00.00Z, 35.992852188933604, -120.30758583712957, 12.552452677201188, -, -, - , -, -, - ,0.07482554469677247
2000-01-01T00:00:00.00Z, 35.7325343924375, -120.30112992054909, 2.8958869475895233, -, -, - , -, -, - ,0.19704774861445937
2000-01-01T00:00:00.00Z, 35.75480434028686, -120.30259899450587, 1.7974565887907314, -, -, - , -, -, - ,0.2812671283581422
2000-01-01T00:00:00.00Z, 35.78407131410687, -120.29731603772031, 1.3166807742250093, -, -, - , -, -, - ,0.3162018822032084
2000-01-01T00:00:00.00Z, 35.99639954034272, -120.30241182190528, 18.976504706045308, -, -, - , -, -, - ,0.07525455315042305
2000-01-01T00:00:00.00Z, 36.0006478581926, -120.30147491075704, 5.6273476901929085, -, -, - , -, -, - ,0.08207520420884779
2000-01-01T00:00:00.00Z, 35.74802802161952, -120.29705536162415, 8.312815457574846, -, -, - , -, -, - ,0.4137560600801909
2000-01-01T00:00:00.00Z, 35.75595530750694, -120.29455710429946, 19.97113628297715, -, -, - , -, -, - ,0.20554054358249774
2000-01-01T00:00:00.00Z, 35.72082519301223, -120.28629962257197, 2.6502178368071108, -, -, - , -, -, - ,0.14622645354236985
2000-01-01T00:00:00.00Z, 35.74440688821787, -120.28691988700515, 7.541833615801397, -, -, - , -, -, - ,0.346021618003438
2000-01-01T00:00:00.00Z, 35.781828963724294, -120.28907733271464, 3.2013380887431326, -, -, - , -, -, - ,0.27923168791145064
2000-01-01T00:00:00.00Z, 35.656833256914446, -120.28210261869206, 8.77041848893482, -, -, - , -, -, - ,0.022051253352460352
2000-01-01T00:00:00.00Z, 35.7334121362629, -120.28377346442043, 20.09937503787582, -, -, - , -, -, - ,0.14870908540335015
2000-01-01T00:00:00.00Z, 35.73114271276332, -120.27900475081393, 6.680674875116775, -, -, - , -, -, - ,0.2562628527806331
2000-01-01T00:00:00.00Z, 36.0768637219433, -120.27790814999776, 4.977270972642513, -, -, - , -, -, - ,0.05713046276716715
2000-01-01T00:00:00.00Z, 36.08827308803664, -120.2788733619927, 19.290062821354503, -, -, - , -, -, - ,0.04116006354520604
2000-01-01T00:00:00.00Z, 35.75248623339902, -120.27140148199284, 0.25644561482362604, -, -, - , -, -, - ,0.17664633769047836
2000-01-01T00:00:00.00Z, 35.65806816052759, -120.26483118142835, 3.0414897026278234, -, -, - , -, -, - ,0.0408401651494755
2000-01-01T00:00:00.00Z, 35.95493884423431, -120.26496570414922, 14.714228689944628, -, -, - , -, -, - ,0.0353654834714614
2000-01-01T00:00:00.00Z, 35.689972085694095, -120.261366902654, 17.809895844263067, -, -, - , -, -, - ,0.08387223764222264
2000-01-01T00:00:00.00Z, 35.707758701261774, -120.25979228991747, 14.581750325293804, -, -, - , -, -, - ,0.14007826467528153
2000-01-01T00:00:00.00Z, 35.75166479756331, -120.26049239074266, 11.194657692897076, -, -, - , -, -, - ,0.2461859518888701
2000-01-01T00:00:00.00Z, 36.00929344057554, -120.26115498252142, 6.64746088209988, -, -, - , -, -, - ,0.07784296337065337
2000-01-01T00:00:00.00Z, 35.71044712693647, -120.25803639130218, 16.103317897166043, -, -, - , -, -, - ,0.13704230651212246
2000-01-01T00:00:00.00Z, 35.72696210007714, -120.25410011155881, 0.4210937860373138, -, -, - , -, -, - ,0.13048337821065897
2000-01-01T00:00:00.00Z, 35.66725543158925, -120.25131189153801, 7.434004513489112, -, -, - , -, -, - ,0.06832101160108554
2000-01-01T00:00:00.00Z, 36.05358588054176, -120.25253536143535, 8.54952161867896, -, -, - , -, -, - ,0.07042353475549998
2000-01-01T00:00:00.00Z, 35.74628573332326, -120.24394887760135, 16.284387282169106, -, -, - , -, -, - ,0.13905352759947853
2000-01-01T00:00:00.00Z, 36.038442633178164, -120.24590471592101, 18.62472799359488, -, -, - , -, -, - ,0.06055286724081967
2000-01-01T00:00:00.00Z, 35.735505837052756, -120.2409593694392, 19.7750874268301, -, -, - , -, -, - ,0.10508557492622118
2000-01-01T00:00:00.00Z, 35.74056150994264, -120.23842232201518, 9.23485823983665, -, -, - , -, -, - ,0.15031368557682714
2000-01-01T00:00:00.00Z, 36.042019267133284, -120.23749573855056, 6.518848663629502, -, -, - , -, -, - ,0.06767670902526078
2000-01-01T00:00:00.00Z, 36.132370436300945, -120.2385959460352, 16.82460811614525, -, -, - , -, -, - ,0.03045379125117818
2000-01-01T00:00:00.00Z, 35.68780735955672, -120.22649118340225, 4.985080063798635, -, -, - , -, -, - ,0.09405544553915009
2000-01-01T00:00:00.00Z, 35.64820270523802, -120.22008517207232, 15.632371522767736, -, -, - , -, -, - ,0.05220387625559714
2000-01-01T00:00:00.00Z, 35.70723160789292, -120.22039947315452, 1.1474320135788925, -, -, - , -, -, - ,0.0871312659401344
2000-01-01T00:00:00.00Z, 36.06594528268893, -120.22325425074605, 18.971307249628726, -, -, - , -, -, - ,0.04886403889732388
2000-01-01T00:00:00.00Z, 36.17103539319047, -120.22160173071603, 17.22528905425909, -, -, - , -, -, - ,0.021239818756084154
2000-01-01T00:00:00.00Z, 35.727897091007115, -120.2189564595586, 4.370986185652849, -, -, - , -, -, - ,0.09474032476243008
2000-01-01T00:00:00.00Z, 35.59278650206105, -120.21293667176387, 10.372525942882904, -, -, - , -, -, - ,0.02328445518286856
2000-01-01T00:00:00.00Z, 35.99250607040486, -120.21191689676039, 16.897213725542635, -, -, - , -, -, - ,0.03543798172628445
2000-01-01T00:00:00.00Z, 36.12815627762291, -120.20820279391447, 18.60225162303806, -, -, - , -, -, - ,0.03180360253503671
2000-01-01T00:00:00.00Z, 35.9933664914994, -120.20631590821333, 19.4544207213418, -, -, - , -, -, - ,0.031651961069187155
2000-01-01T00:00:00.00Z, 36.172574124717784, -120.2068668009867, 8.63551488641646, -, -, - , -, -, - ,0.022763185723058993
2000-01-01T00:00:00.00Z, 35.641530536756775, -120.20103097242927, 6.4491001562606725, -, -, - , -, -, - ,0.05147359495413139
2000-01-01T00:00:00.00Z, 35.73605015543777, -120.20029133979769, 0.48907667749197165, -, -, - , -, -, - ,0.05254093105536458
2000-01-01T00:00:00.00Z, 35.594870119864865, -120.19409075915118, 1.328714746973372, -, -, - , -, -, - ,0.0238506841335867
2000-01-01T00:00:00.00Z, 35.66874249926649, -120.19178643738695, 14.167970829632303, -, -, - , -, -, - ,0.06583108319707702
2000-01-01T00:00:00.00Z, 36.144338007071276, -120.19479222749774, 2.545154681331204, -, -, - , -, -, - ,0.028659394900329947
2000-01-01T00:00:00.00Z, 35.71629119609488, -120.19103244867088, 12.426304795420988, -, -, - , -, -, - ,0.06398537131025603
2000-01-01T00:00:00.00Z, 36.062108469419044, -120.1897510725695, 6.8929847133896525, -, -, - , -, -, - ,0.04695423791394659
2000-01-01T00:00:00.00Z, 35.6172493469737, -120.1791829551252, 12.526728246090412, -, -, - , -, -, - ,0.03671573734259713
2000-01-01T00:00:00.00Z, 35.65713985308498, -120.1761108318405, 3.596181550479846, -, -, - , -, -, - ,0.05009981019275803
2000-01-01T00:00:00.00Z, 36.06773245651637, -120.17871011102291, 11.851197791450394, -, -, - , -, -, - ,0.04324323580033415
2000-01-01T00:00:00.00Z, 35.5772911047523, -120.16525436752164, 10.673405049800131, -, -, - , -, -, - ,0.022783925854632077
2000-01-01T00:00:00.00Z, 35.6384559368859, -120.16738782627556, 3.667192597639141, -, -, - , -, -, - ,0.04120566847589386
2000-01-01T00:00:00.00Z, 35.720228041601835, -120.16716696116977, 8.778464997252364, -, -, - , -, -, - ,0.03210340623897341
2000-01-01T00:00:00.00Z, 36.05098207753537, -120.16872673060257, 15.2036140002285, -, -, - , -, -, - ,0.03658268454238984
2000-01-01T00:00:00.00Z, 36.13749726120093, -120.16764379719248, 19.69773375180329, -, -, - , -, -, - ,0.027188185614563647
2000-01-01T00:00:00.00Z, 35.69469893037243, -120.1592478542994, 9.514087640423844, -, -, - , -, -, - ,0.04764244883589658
2000-01-01T00:00:00.00Z, 36.068891501532825, -120.15229282376086, 9.423400960336158, -, -, - , -, -, - ,0.03357361970336602
2000-01-01T00:00:00.00Z, 36.07921619017342, -120.14460856990682, 2.4900273767336873, -, -, - , -, -, - ,0.030177327879068093
2000-01-01T00:00:00.00Z, 36.10098878844183, -120.1457451268568, 18.907874199047328, -, -, - , -, -, - ,0.028969175259140126
2000-01-01T00:00:00.00Z, 35.70602124470471, -120.13550721749101, 19.84039814711889, -, -, - , -, -, - ,0.020547790518868337
2000-01-01T00:00:00.00Z, 36.05087510393779, -120.13312093918324, 12.214674465824844, -, -, - , -, -, - ,0.02351452065541918
2000-01-01T00:00:00.00Z, 36.05706084287878, -120.13030999728136, 9.106276653016504, -, -, - , -, -, - ,0.026080598659287618
2000-01-01T00:00:00.00Z, 36.160642476185444, -120.12607967202572, 0.5269154504084413, -, -, - , -, -, - ,0.0211983077577104
2000-01-01T00:00:00.00Z, 36.22013670323926, -120.12494503776561, 16.866171361894214, -, -, - , -, -, - ,0.015501139914267676
2000-01-01T00:00:00.00Z, 36.11755113572133, -120.12194357339543, 4.277073341984428, -, -, - , -, -, - ,0.02614452793266049
2000-01-01T00:00:00.00Z, 35.54321285634301, -120.11387183601195, 11.219119672278824, -, -, - , -, -, - ,0.01693394860669164
2000-01-01T00:00:00.00Z, 36.196639032339995, -120.1156656612361, 1.1406011884886953, -, -, - , -, -, - ,0.017079031174974956
2000-01-01T00:00:00.00Z, 36.11607426368115, -120.11033245009399, 3.9834494991056957, -, -, - , -, -, - ,0.024039945517997985
2000-01-01T00:00:00.00Z, 36.085803297352655, -120.0942828324211, 17.989257129104125, -, -, - , -, -, - ,0.018763837998352843
2000-01-01T00:00:00.00Z, 35.59778853724424, -120.08896257795996, 10.290461427678283, -, -, - , -, -, - ,0.02217983110353154
2000-01-01T00:00:00.00Z, 35.64763130299438, -120.09113327039908, 3.9666628298892177, -, -, - , -, -, - ,0.0211500104210863
2000-01-01T00:00:00.00Z, 35.64571676398165, -120.08353392617086, 5.544685629951726, -, -, - , -, -, - ,0.01990972719424295
2000-01-01T00:00:00.00Z, 36.09940940330874, -120.08294129915794, 7.8815950542521085, -, -, - , -, -, - ,0.018950726623194712
2000-01-01T00:00:00.00Z, 35.63365620124262, -120.07861186759915, 18.214719570929276, -, -, - , -, -, - ,0.01910198082517672
2000-01-01T00:00:00.00Z, 35.582413352485695, -120.0721098495688, 7.019495477163868, -, -, - , -, -, - ,0.018555569949204168
2000-01-01T00:00:00.00Z, 36.22598000191843, -120.07236179666144, 4.286332813495866, -, -, - , -, -, - ,0.014067163283195554
2000-01-01T00:00:00.00Z, 35.69445669692968, -120.067263117364, 19.728667761073964, -, -, - , -, -, - ,0.003428348666667107
2000-01-01T00:00:00.00Z, 36.11708514126273, -120.02100111097374, 18.534042420683416, -, -, - , -, -, - ,0.01047395085577264
2000-01-01T00:00:00.00Z, 36.174549975837124, -120.01338109682328, 16.453261944989567, -, -, - , -, -, - ,0.0120314216312737
2000-01-01T00:00:00.00Z, 36.13003020075347, -120.0054536276747, 16.154329673785348, -, -, - , -, -, - ,0.009885346659373994
