date-time, latitude, longitude, depth, RMS, Nphs, Gap, Dist, errH, errZ, Mamp, Mdur, expect_lat, expect_lon, expect_z, EllipsoidAz1, EllipsoidDip1, EllipsoidLen1, EllipsoidAz2, EllipsoidDip2, EllipsoidLen2, EllipsoidLen3, EllipseAz1, EllipseDip1, EllipseLen1, EllipseAz2, EllipseDip2, EllipseLen2, publicId
2004-09-28T21:17:02.1300, 35.9485, -120.5058, 4.9197, 0.0273944, 12, 84.0, 1.25689, 0.0607486, 0.085126214, 1.67, -9.9, 35.9484, -120.5058, 4.9187, 84.7628, 4.22104, 0.0506254, 175.402, 8.60001, 0.0743845, 0.106292, 263.583, 0.0, 0.0412241, 173.583, 0.0, 0.0607486, 30228446
2004-09-28T21:18:42.0670, 35.8790, -120.4340, 4.7731, 0.0378896, 18, 78.0, 2.94471, 0.0784361, 0.17194845, 1.12, -9.9, 35.8788, -120.4340, 4.7734, 231.578, 11.1818, 0.072619, 321.886, 1.55921, 0.0969419, 0.2167344, 227.137, 0.0, 0.0666845, 137.137, 0.0, 0.0784361, 21400499
2004-09-28T21:20:09.7432, 35.9560, -120.5139, 7.4254, 0.02137, 19, 107.0, 1.38668, 0.0449095, 0.046450593, 1.39, -9.9, 35.9560, -120.5140, 7.4226, 263.909, -9.54401, 0.0362854, 359.657, -30.7833, 0.0541722, 0.05939404, 262.458, 0.0, 0.0298979, 172.458, 0.0, 0.0449095, 30506359
2004-09-28T21:20:38.2493, 35.8784, -120.4339, 4.6033, 0.0407396, 53, 42.0, 2.93613, 0.0574679, 0.10490568, 2.08, -9.9, 35.8783, -120.4337, 4.6154, 208.119, 9.49562, 0.0492445, 297.634, -2.89643, 0.070934, 0.1316343, 210.773, 0.0, 0.0429022, 120.773, 0.0, 0.0574679, 21400502
2004-09-28T21:22:18.8636, 35.7876, -120.3399, 9.0198, 0.040223, 17, 77.0, 4.9662, 0.059407, 0.08636319, 1.35, -9.9, 35.7875, -120.3398, 9.0136, 248.512, 15.9033, 0.0624108, 155.212, 11.4235, 0.0700925, 0.1112518, 92.91862, 0.0, 0.0530612, 2.91862, 0.0, 0.059407, 30506360
2004-09-28T21:24:46.1579, 35.8194, -120.3745, 8.9094, 0.0405399, 13, 84.0, 2.86491, 0.163607, 0.23658717, 1.07, -9.9, 35.8195, -120.3747, 8.9121, 253.205, 3.55387, 0.137779, 342.086, -17.4569, 0.1899, 0.3018957, 255.771, 0.0, 0.11184, 165.771, 0.0, 0.163607, 30506361
2004-09-28T21:26:02.4106, 35.8788, -120.4339, 4.6956, 0.0238734, 14, 82.0, 2.9366, 0.0537828, 0.0954086, 1.2, -9.9, 35.8787, -120.4340, 4.6455, 29.586600000000004, -8.66939, 0.0490115, 297.81, -11.496, 0.0628149, 0.1211441, 219.824, 0.0, 0.0412648, 129.824, 0.0, 0.0537828, 30506362
2004-09-28T21:28:20.9567, 35.9235, -120.4792, 3.9705, 0.0752487, 53, 49.0, 1.60033, 0.0677045, 0.1384462, 2.18, -9.9, 35.9235, -120.4792, 3.9688, 83.7729, 6.15667, 0.0607808, 174.171, 3.68171, 0.0832563, 0.1726629, 260.796, 0.0, 0.050958, 170.796, 0.0, 0.0677045, 21400529
2004-09-28T21:29:09.5987, 35.9347, -120.4913, 4.4855, 0.0250433, 10, 182.0, 2.15652, 0.029911, 0.043133594, 1.28, -9.9, 35.9347, -120.4913, 4.4907, 69.4494, 15.5171, 0.030843, 163.0, 12.5752, 0.0351315, 0.05565421, 227.702, 0.0, 0.0262097, 137.702, 0.0, 0.029911, 30506399
2004-09-28T21:29:20.5556, 35.8656, -120.4156, 4.2086, 0.0579788, 20, 60.0, 2.18542, 0.0393891, 0.065010324, 1.8, -9.9, 35.8656, -120.4157, 4.1977, 83.0754, -5.8094, 0.0278333, 351.72, -13.092, 0.0461833, 0.08238275, 266.937, 0.0, 0.0232097, 176.937, 0.0, 0.0393891, 30506400
2004-09-28T21:32:08.6265, 35.9717, -120.5263, 9.4153, 0.439647, 33, 55.0, 1.43464, 0.069797, 0.07555132, 2.03, -9.9, 35.9717, -120.5264, 9.4135, 277.913, -18.747, 0.0545631, 9.488029999999995, -4.62912, 0.0863813, 0.09716543, 97.10597, 0.0, 0.0487169, 7.10597, 0.0, 0.069797, 21400531
2004-09-28T21:35:22.2677, 35.8656, -120.4156, 4.1823, 0.110371, 19, 71.0, 2.18542, 0.0329907, 0.048800975, 1.13, -9.9, 35.8657, -120.4156, 4.1904, 87.679, -3.94838, 0.0221243, 356.318, -18.9864, 0.0373826, 0.06277487, 90.33033, 0.0, 0.0180866, 0.330327, 0.0, 0.0329907, 30228558
2004-09-28T21:38:18.3993, 35.9237, -120.4795, 3.8531, 0.0145117, 15, 91.0, 3.27461, 0.0166064, 0.033124585, 1.12, -9.9, 35.9238, -120.4794, 3.8413, 89.2826, 0.267555, 0.0141601, 179.304, 4.68055, 0.0203652, 0.04114077, 269.158, 0.0, 0.0114308, 179.158, 0.0, 0.0166064, 30228557
2004-09-28T21:39:47.9363, 35.9340, -120.4906, 4.4064, 0.0246563, 26, 95.0, 2.20907, 0.0234329, 0.036161713, 1.17, -9.9, 35.9340, -120.4906, 4.3994, 53.3716, 11.9714, 0.0255112, 146.395, 13.9669, 0.0267622, 0.04642825, 204.776, 0.0, 0.0209385, 114.776, 0.0, 0.0234329, 21400535
2004-09-28T21:41:57.3668, 35.9237, -120.4794, 3.7472, 0.0193435, 17, 91.0, 3.28085, 0.0210804, 0.04740349, 1.37, -9.9, 35.9238, -120.4794, 3.7416, 229.937, 1.08325, 0.0242743, 319.865, -3.7965, 0.0258776, 0.05883932, 232.114, 0.0, 0.0196088, 142.114, 0.0, 0.0210804, 21400540
2004-09-28T21:42:17.5956, 35.9236, -120.4790, 3.9318, 0.8561, 16, 91.0, 3.32027, 0.0187933, 0.042216424, 1.5, -9.9, 35.9235, -120.4791, 3.9212, 85.1907, -3.07164, 0.0188743, 355.122, -1.28339, 0.0232577, 0.05237641, 266.038, 0.0, 0.0153801, 176.038, 0.0, 0.0187933, 30228406
2004-09-28T21:43:21.2890, 35.8004, -120.3537, 9.4417, 0.0341741, 9, 147.0, 5.6895, 0.0583735, 0.076827064, 1.29, -9.9, 35.8004, -120.3536, 9.4167, 265.728, 5.84918, 0.043226, 173.845, 17.7902, 0.0690561, 0.09792371, 268.231, 0.0, 0.0355318, 178.231, 0.0, 0.0583735, 30506402
2004-09-28T21:46:10.6835, 35.8917, -120.4475, 4.4468, 0.0225292, 13, 97.0, 4.02633, 0.366817, 0.8430848, 1.22, -9.9, 35.8915, -120.4472, 4.4486, 235.205, 5.13861, 0.338488, 325.454, 2.76078, 0.451925, 1.049239, 232.562, 0.0, 0.282275, 142.562, 0.0, 0.366817, 30228407
2004-09-28T21:49:23.4592, 35.7865, -120.3388, 9.1764, 0.0457513, 60, 42.0, 5.1148, 0.0909102, 0.1417773, 2.94, -9.9, 35.7865, -120.3385, 9.1806, 280.632, -0.013529, 0.0836609, 190.634, 9.12038, 0.110471, 0.1770055, 100.6248, 0.0, 0.0675304, 10.6248, 0.0, 0.0909102, 21400488
2004-09-28T21:51:46.1714, 35.8645, -120.4171, 4.7747, 0.0598937, 56, 39.0, 2.36884, 0.0647944, 0.10586509, 2.21, -9.9, 35.8645, -120.4171, 4.7634, 89.4849, -7.71288, 0.043839, 356.971, -17.9433, 0.0710094, 0.1371571, 96.82111, 0.0, 0.0372693, 6.82111, 0.0, 0.0647944, 21400489
2004-09-28T21:54:05.3070, 35.9286, -120.4859, 4.2457, 0.0252086, 33, 48.0, 1.99263, 0.0725287, 0.13966149, 1.8, -9.9, 35.9286, -120.4859, 4.2100, 246.115, -9.16768, 0.0671493, 336.251, -0.844522, 0.0898197, 0.1749393, 245.057, 0.0, 0.058041, 155.057, 0.0, 0.0725287, 30228314
2004-09-28T21:55:55.8970, 35.9344, -120.4909, 4.4591, 0.024307, 28, 95.0, 2.19358, 0.0228235, 0.033894993, 1.41, -9.9, 35.9344, -120.4910, 4.4543, 69.4771, 17.5249, 0.0238624, 162.569, 9.69226, 0.0269679, 0.04381176, 220.145, 0.0, 0.0206332, 130.145, 0.0, 0.0228235, 21400490
2004-09-28T21:56:52.0978, 35.8534, -120.4070, 5.5130, 0.0267371, 7, 123.0, 2.06412, 0.0685964, 0.12486701, 1.09, -9.9, 35.8535, -120.4068, 5.4980, 82.0093, -9.27815, 0.0519338, 351.179, -5.06665, 0.0840538, 0.1569629, 265.66, 0.0, 0.0460005, 175.66, 0.0, 0.0685964, 30506353
2004-09-28T21:57:07.6360, 35.8759, -120.4314, 4.5638, 0.0379944, 17, 81.0, 2.76755, 0.0810678, 0.10406722, 1.22, -9.9, 35.8759, -120.4313, 4.5243, 160.544, 9.62846, 0.0501575, 256.631, 32.0081, 0.0702944, 0.148125, 150.346, 0.0, 0.0418642, 60.346, 0.0, 0.0810678, 30506354
2004-09-28T21:57:37.8371, 35.8039, -120.3482, 4.8538, 0.0330122, 33, 56.0, 3.0374, 0.073132, 0.104565956, 2.03, -9.9, 35.8040, -120.3482, 4.8463, 87.2778, -1.91401, 0.0584849, 356.67, -17.6215, 0.0850947, 0.1332723, 268.495, 0.0, 0.0472966, 178.495, 0.0, 0.073132, 30506355
2004-09-28T22:01:05.2313, 35.9561, -120.5140, 7.4378, 0.0367288, 15, 89.0, 1.40077, 0.0558433, 0.06105924, 1.06, -9.9, 35.9562, -120.5140, 7.4208, 95.0496, 6.24434, 0.0470573, 188.711, 30.2682, 0.0652923, 0.07926835, 92.87543, 0.0, 0.0383117, 2.87543, 0.0, 0.0558433, 30228436
2004-09-28T22:02:26.8644, 35.8759, -120.4314, 4.5638, 0.0208544, 14, 81.0, 2.76755, 0.135272, 0.13661328, 1.21, -9.9, 35.8757, -120.4309, 4.5814, 162.83, 9.19117, 0.0481608, 261.566, 43.1891, 0.0717093, 0.2274293, 154.3969, 0.0, 0.0400156, 64.3969, 0.0, 0.135272, 21400493
2004-09-28T22:02:39.2787, 35.8845, -120.4362, 4.8538, 0.0426711, 22, 82.0, 3.13951, 0.0629609, 0.104678735, 1.96, -9.9, 35.8844, -120.4362, 4.8430, 84.4065, -2.09491, 0.0459099, 353.929, -12.8344, 0.0741082, 0.1320113, 265.776, 0.0, 0.037211, 175.776, 0.0, 0.0629609, 30500751
2004-09-28T22:04:11.8647, 35.9595, -120.5161, 8.8880, 0.027596, 36, 60.0, 1.62521, 0.0846429, 0.07686014, 2.22, -9.9, 35.9594, -120.5161, 8.8988, 81.4572, 14.5467, 0.0629825, 142.71, -61.6516, 0.0948239, 0.1068012, 263.424, 0.0, 0.0529453, 173.424, 0.0, 0.0846429, 30500752
2004-09-28T22:06:18.0050, 35.9214, -120.4780, 4.0348, 0.0324835, 25, 49.0, 3.46698, 0.0894735, 0.161884, 1.62, -9.9, 35.9215, -120.4781, 4.0241, 79.3307, 5.5875, 0.0712214, 170.043, 7.24358, 0.108623, 0.2025508, 256.354, 0.0, 0.0592629, 166.354, 0.0, 0.0894735, 30500753
2004-09-28T22:13:10.5832, 35.8612, -120.4124, 4.6569, 0.0351873, 5, 133.0, 2.47456, 0.0261852, 0.047618624, 1.18, -9.9, 35.8612, -120.4124, 4.6791, 80.0705, -7.71815, 0.0222397, 349.491, -4.27028, 0.0322008, 0.05957511, 262.948, 0.0, 0.0188989, 172.948, 0.0, 0.0261852, 21400753
2004-09-28T22:14:03.0228, 35.9696, -120.5298, 6.0939, 0.0218577, 20, 61.0, 1.82171, 0.0330781, 0.038480535, 1.55, -9.9, 35.9696, -120.5298, 6.0880, 86.2869, 8.79905, 0.0279322, 179.307, 18.795, 0.0399062, 0.04892374, 263.782, 0.0, 0.0230342, 173.782, 0.0, 0.0330781, 30500810
2004-09-28T22:15:03.8359, 36.0259, -120.5874, 3.4959, 0.0251837, 15, 171.0, 4.92406, 0.0491043, 0.092518166, 1.38, -9.9, 36.0257, -120.5873, 3.5007, 97.9253, -0.505015, 0.0418821, 7.866669999999999, -6.6198, 0.0597647, 0.1151819, 98.21344, 0.0, 0.033815, 8.21344, 0.0, 0.0491043, 30500811
2004-09-28T22:16:49.8056, 35.9239, -120.4797, 3.8267, 0.0225234, 18, 91.0, 1.62513, 0.0201379, 0.03629418, 1.25, -9.9, 35.9239, -120.4795, 3.8125, 184.777, 3.60322, 0.0212312, 274.882, 1.66306, 0.0249234, 0.04504595, 183.8864, 0.0, 0.0172549, 93.8864, 0.0, 0.0201379, 21400495
2004-09-28T22:20:02.2205, 35.9235, -120.4791, 3.9713, 0.0374294, 24, 91.0, 1.60263, 0.0395823, 0.06835633, 1.43, -9.9, 35.9234, -120.4791, 3.9609, 258.416, -1.54674, 0.0334407, 348.496, -2.93147, 0.0489086, 0.08478435, 258.121, 0.0, 0.0270458, 168.121, 0.0, 0.0395823, 21400496
2004-09-28T22:21:38.0787, 35.9402, -120.4940, 9.2308, 0.0326959, 26, 97.0, 1.82799, 0.0482075, 0.055319037, 1.49, -9.9, 35.9403, -120.4941, 9.2305, 260.877, -11.8294, 0.0408245, 352.27, -6.62177, 0.0595667, 0.06962542, 259.866, 0.0, 0.0342368, 169.866, 0.0, 0.0482075, 30506356
2004-09-28T22:21:59.5594, 35.8295, -120.3827, 6.6600, 0.0588293, 14, 87.0, 1.61897, 0.0531126, 0.08323414, 1.09, -9.9, 35.8294, -120.3827, 6.6685, 93.6415, 2.65567, 0.0471618, 183.894, 5.41998, 0.0653576, 0.1034818, 92.87085, 0.0, 0.0382199, 2.87085, 0.0, 0.0531126, 30506357
2004-09-28T22:22:52.2365, 35.9174, -120.4770, 4.0364, 0.0398042, 59, 34.0, 1.1904, 0.0546867, 0.09987911, 2.65, -9.9, 35.9174, -120.4771, 4.0316, 85.2048, 8.65872, 0.0465792, 175.104, -0.661161, 0.067737, 0.1249679, 265.73, 0.0, 0.0401508, 175.73, 0.0, 0.0546867, 21400500
2004-09-28T22:26:45.2066, 35.9269, -120.4833, 3.5099, 0.0247709, 26, 93.0, 1.83323, 0.0218512, 0.03905203, 1.67, -9.9, 35.9268, -120.4833, 3.5070, 33.4853, 6.46006, 0.0248737, 304.622, -9.94002, 0.0258415, 0.04914728, 193.409, 0.0, 0.0202359, 103.409, 0.0, 0.0218512, 30228441
2004-09-28T22:29:48.6751, 35.9324, -120.4898, 5.1917, 0.378588, 10, 126.0, 2.25327, 0.858751, 0.6703228, 1.46, -9.9, 35.9292, -120.4861, 4.9402, 355.062, -2.99366, 0.238762, 260.145, -58.6148, 0.65931, 1.178154, 176.2415, 0.0, 0.194871, 86.2415, 0.0, 0.858751, 30228508
2004-09-28T22:32:15.5187, 35.8759, -120.4314, 4.5638, 0.0254284, 13, 81.0, 2.76755, 0.053646, 0.08846028, 1.23, -9.9, 35.8759, -120.4314, 4.5182, 161.232, 10.4892, 0.0478844, 255.004, 19.561, 0.0545477, 0.1164974, 142.206, 0.0, 0.0396513, 52.206, 0.0, 0.053646, 30501100
2004-09-28T22:32:40.6465, 35.8847, -120.4368, 4.8538, 0.0434914, 12, 91.0, 3.19532, 0.046969, 0.090712994, 1.0, -9.9, 35.8846, -120.4366, 4.8639, 91.3629, -5.17531, 0.0377345, 0.6953869999999966, -7.32906, 0.0567525, 0.1134896, 94.75007, 0.0, 0.0313588, 4.75007, 0.0, 0.046969, 30501101
2004-09-28T22:32:51.2230, 35.8760, -120.4315, 4.5110, 0.0288725, 12, 110.0, 2.77361, 0.0552454, 0.10257655, 1.22, -9.9, 35.8759, -120.4315, 4.5052, 170.563, 13.8258, 0.0500173, 263.881, 13.233, 0.0585903, 0.1333129, 140.494, 0.0, 0.0432715, 50.494, 0.0, 0.0552454, 30501102
2004-09-28T22:33:12.5214, 35.8763, -120.4320, 4.5638, 0.84728, 21, 75.0, 2.80973, 0.0564292, 0.12521033, 1.84, -9.9, 35.8762, -120.4320, 4.5242, 239.749, 5.83328, 0.0549135, 328.731, -9.86676, 0.0647754, 0.1577833, 251.942, 0.0, 0.0453612, 161.942, 0.0, 0.0564292, 30501103
2004-09-28T22:34:36.5766, 35.8759, -120.4314, 4.6165, 0.0448934, 51, 41.0, 2.76755, 0.048857, 0.094297074, 2.26, -9.9, 35.8760, -120.4315, 4.5921, 172.009, 10.1581, 0.0531988, 263.165, 6.42338, 0.0585823, 0.1188809, 148.3391, 0.0, 0.0448261, 58.3391, 0.0, 0.048857, 21400503
2004-09-28T22:35:12.3081, 35.9266, -120.4830, 3.5383, 0.0205181, 13, 104.0, 2.89671, 0.0176488, 0.035676442, 1.2, -9.9, 35.9266, -120.4830, 3.5437, 42.9037, 6.12025, 0.019514, 313.369, -4.33074, 0.0216204, 0.04450047, 214.134, 0.0, 0.016083, 124.134, 0.0, 0.0176488, 30501104
2004-09-28T22:35:44.7790, 35.8040, -120.3574, 10.6002, 0.0366176, 18, 74.0, 5.16283, 0.0860422, 0.11575969, 1.09, -9.9, 35.8039, -120.3574, 10.5789, 88.6779, -7.15841, 0.0677177, 355.832, -21.5735, 0.0975418, 0.1503934, 93.60133, 0.0, 0.0558618, 3.60133, 0.0, 0.0860422, 30501105
2004-09-28T22:37:43.5893, 35.9279, -120.4843, 4.1155, 0.0265103, 9, 186.0, 2.76143, 0.0384848, 0.063713126, 1.07, -9.9, 35.9280, -120.4843, 4.1152, 245.189, -4.89765, 0.0381427, 335.729, -6.27642, 0.0471381, 0.07946434, 242.403, 0.0, 0.0311379, 152.403, 0.0, 0.0384848, 21400504
2004-09-28T22:52:42.2610, 35.9224, -120.4778, 4.1691, 0.016804, 12, 90.0, 3.46009, 0.0213538, 0.035605133, 1.07, -9.9, 35.9224, -120.4778, 4.1411, 45.2332, -1.7042, 0.0235421, 314.993, -8.02841, 0.0259673, 0.04441007, 227.352, 0.0, 0.0190207, 137.352, 0.0, 0.0213538, 21400505
2004-09-28T22:54:09.2376, 35.9284, -120.4861, 4.2985, 0.0323136, 11, 183.0, 2.59187, 0.113561, 0.17336383, 1.07, -9.9, 35.9282, -120.4860, 4.2750, 14.774299999999997, -1.39331, 0.109813, 284.386, -15.5534, 0.132562, 0.219916, 196.211, 0.0, 0.0886966, 106.211, 0.0, 0.113561, 21400506
2004-09-28T23:03:10.7928, 35.8085, -120.3634, 9.8109, 0.0575633, 58, 26.0, 2.61759, 0.060919, 0.08233927, 2.29, -9.9, 35.8086, -120.3634, 9.7922, 262.267, 6.14667, 0.0519643, 169.792, 21.851, 0.0688178, 0.106927, 267.163, 0.0, 0.0424703, 177.163, 0.0, 0.060919, 21400510
2004-09-28T23:04:25.7797, 35.9345, -120.4910, 4.4591, 0.0209656, 10, 95.0, 2.18708, 0.0245018, 0.037273824, 1.04, -9.9, 35.9345, -120.4910, 4.4506, 71.3654, 16.5723, 0.0245765, 164.715, 11.1073, 0.0286552, 0.04825535, 226.424, 0.0, 0.021356, 136.424, 0.0, 0.0245018, 30506366
2004-09-28T23:06:52.9071, 35.9174, -120.4770, 4.0364, 0.0301464, 22, 81.0, 3.70948, 0.0438607, 0.07666089, 1.22, -9.9, 35.9174, -120.4770, 4.0265, 83.6077, 6.46579, 0.0366489, 173.881, 2.41198, 0.0542298, 0.0955481, 262.489, 0.0, 0.0306431, 172.489, 0.0, 0.0438607, 21400511
2004-09-28T23:10:09.6258, 35.8788, -120.4339, 4.6956, 0.0271511, 14, 82.0, 2.9366, 0.0489634, 0.08927167, 1.4, -9.9, 35.8786, -120.4339, 4.6665, 25.131, -10.9947, 0.0463758, 294.115, -5.2126, 0.059826, 0.1126493, 213.069, 0.0, 0.0404313, 123.069, 0.0, 0.0489634, 30506368
2004-09-28T23:10:54.6725, 35.9174, -120.4770, 4.0364, 0.0219733, 14, 84.0, 3.70948, 0.0407141, 0.07449858, 1.3, -9.9, 35.9174, -120.4771, 4.0351, 85.5068, 8.93921, 0.0341589, 175.466, -0.261858, 0.0504377, 0.09327448, 265.719, 0.0, 0.0296439, 175.719, 0.0, 0.0407141, 30506369
2004-09-28T23:12:05.5888, 35.8293, -120.3831, 6.9088, 0.0328992, 14, 88.0, 1.59451, 0.0962278, 0.13843258, 1.15, -9.9, 35.8291, -120.3833, 6.8804, 254.845, 9.68846, 0.090948, 162.629, 12.763, 0.115087, 0.1758285, 261.801, 0.0, 0.0757578, 171.801, 0.0, 0.0962278, 30506370
2004-09-28T23:12:14.9295, 35.9676, -120.5239, 3.3377, 0.457326, 10, 133.0, 2.61262, 0.0429145, 0.07823014, 1.69, -9.9, 35.9677, -120.5238, 3.3415, 241.965, 5.57515, 0.0355683, 331.117, -8.62579, 0.0515895, 0.09812474, 245.852, 0.0, 0.0295006, 155.852, 0.0, 0.0429145, 30506371
2004-09-28T23:18:29.6633, 35.8521, -120.4038, 5.0252, 0.0458134, 27, 79.0, 1.83302, 0.0508641, 0.07679473, 1.43, -9.9, 35.8522, -120.4039, 5.0350, 257.518, 5.29358, 0.0508038, 167.245, 2.94302, 0.0629011, 0.09550148, 258.571, 0.0, 0.0414438, 168.571, 0.0, 0.0508641, 21400514
2004-09-28T23:19:19.8842, 35.8587, -120.4076, 4.2078, 0.0224521, 6, 111.0, 2.61196, 0.0381266, 0.061683975, 1.17, -9.9, 35.8587, -120.4076, 4.2084, 85.9148, -7.09812, 0.0340075, 353.843, -16.1891, 0.0431567, 0.07911644, 94.23411, 0.0, 0.0280516, 4.23411, 0.0, 0.0381266, 30506373
2004-09-28T23:22:14.8632, 35.8084, -120.3632, 9.7845, 0.0373405, 14, 77.0, 4.4514, 0.0672777, 0.090001546, 1.14, -9.9, 35.8083, -120.3631, 9.7773, 100.779, 2.59584, 0.0668156, 11.9028, -23.3846, 0.0752922, 0.1171296, 97.69397, 0.0, 0.0539886, 7.69397, 0.0, 0.0672777, 30506374
2004-09-28T23:29:10.7835, 35.9350, -120.4914, 4.5119, 0.0284588, 23, 95.0, 2.15542, 0.0292849, 0.043114632, 1.69, -9.9, 35.9348, -120.4914, 4.4948, 73.2477, 13.6913, 0.0301802, 165.653, 9.77485, 0.0352681, 0.05497759, 239.23, 0.0, 0.0256278, 149.23, 0.0, 0.0292849, 30506378
2004-09-28T23:32:19.9240, 35.9373, -120.4946, 5.1834, 0.0171717, 14, 92.0, 1.96183, 0.048063, 0.06304686, 1.26, -9.9, 35.9373, -120.4945, 5.1819, 257.598, -6.5748, 0.0391085, 348.628, -8.85941, 0.058976, 0.07891394, 256.186, 0.0, 0.0321766, 166.186, 0.0, 0.048063, 30506383
2004-09-28T23:33:49.4692, 35.9344, -120.4909, 4.4460, 0.0334368, 54, 54.0, 2.19358, 0.0214342, 0.03259236, 2.46, -9.9, 35.9343, -120.4909, 4.4395, 78.0369, 15.7148, 0.0220938, 170.707, 9.4012, 0.0255721, 0.04186163, 236.576, 0.0, 0.0190846, 146.576, 0.0, 0.0214342, 21400519
2004-09-28T23:40:26.6381, 35.8791, -120.4343, 4.6692, 0.0533113, 37, 43.0, 2.96658, 0.11533, 0.11384914, 1.98, -9.9, 35.8790, -120.4343, 4.6651, 186.747, 12.6031, 0.0550489, 288.654, 42.7012, 0.11847, 0.1642997, 181.8645, 0.0, 0.0494476, 91.8645, 0.0, 0.11533, 21400522
2004-09-28T23:41:37.2916, 35.8929, -120.4483, 9.3099, 0.0256068, 9, 166.0, 4.06685, 0.0469008, 0.08302608, 1.11, -9.9, 35.8930, -120.4484, 9.2453, 243.445, 17.0284, 0.0357687, 337.033, 11.5472, 0.0522702, 0.1088663, 219.381, 0.0, 0.0352554, 129.381, 0.0, 0.0469008, 30506388
2004-09-28T23:44:18.1207, 35.9271, -120.4855, 3.9656, 0.0164963, 12, 101.0, 2.66898, 0.150421, 0.3840985, 1.0, -9.9, 35.9272, -120.4854, 3.9858, 334.951, -10.0114, 0.161368, 244.053, -5.07558, 0.169964, 0.4840787, 207.561, 0.0, 0.135318, 117.561, 0.0, 0.150421, 30506390
2004-09-28T23:44:49.0696, 35.8202, -120.3735, 7.0555, 0.0279432, 12, 136.0, 2.12938, 0.0705722, 0.092848584, 1.34, -9.9, 35.8202, -120.3735, 7.0689, 97.3065, -5.62451, 0.0674156, 5.408349999999999, -18.5893, 0.0830345, 0.1185308, 101.3438, 0.0, 0.0548301, 11.3438, 0.0, 0.0705722, 30506391
2004-09-28T23:46:44.2440, 35.8788, -120.4339, 4.6956, 0.0365678, 21, 63.0, 2.9366, 0.0520418, 0.09307942, 1.67, -9.9, 35.8786, -120.4339, 4.6645, 206.381, 8.29881, 0.0439536, 296.045, -2.30113, 0.0643404, 0.116423, 207.973, 0.0, 0.0376206, 117.973, 0.0, 0.0520418, 30506385
2004-09-28T23:47:05.0011, 35.8082, -120.3630, 9.8109, 0.04566, 62, 26.0, 2.64396, 0.0653613, 0.08734261, 2.28, -9.9, 35.8081, -120.3630, 9.7829, 303.11, -9.40645, 0.0687483, 217.151, 23.0458, 0.0718225, 0.1147167, 106.9034, 0.0, 0.0558044, 16.9034, 0.0, 0.0653613, 21400520
2004-09-28T23:50:00.1160, 35.9451, -120.5017, 3.7448, 0.0366397, 13, 74.0, 1.28606, 0.183814, 0.15379223, 1.01, -9.9, 35.9446, -120.5012, 3.7322, 347.44, -15.7472, 0.102578, 229.066, -59.3174, 0.183956, 0.2370991, 170.9889, 0.0, 0.0899602, 80.9889, 0.0, 0.183814, 21400521
2004-09-28T23:53:11.0384, 35.9253, -120.4813, 4.0298, 0.0352317, 12, 107.0, 3.07776, 0.0415198, 0.06849062, 1.06, -9.9, 35.9253, -120.4814, 4.0246, 79.6778, 4.35273, 0.0395274, 169.816, 1.81189, 0.0513913, 0.08506986, 259.075, 0.0, 0.0322367, 169.075, 0.0, 0.0415198, 21400780
2004-09-28T23:55:09.0767, 35.8880, -120.4404, 4.8489, 0.0103192, 12, 93.0, 3.57088, 0.268137, 0.6421993, 1.79, -9.9, 35.8875, -120.4402, 4.8535, 237.833, 10.6768, 0.251234, 326.757, -5.68393, 0.317317, 0.8117264, 258.862, 0.0, 0.227432, 168.862, 0.0, 0.268137, 30500841
2004-09-28T23:57:09.3122, 35.9340, -120.4906, 4.4064, 0.0225175, 27, 95.0, 2.20907, 0.0251882, 0.038730934, 1.25, -9.9, 35.9339, -120.4905, 4.3997, 72.0047, 17.1793, 0.0269363, 165.6, 11.4675, 0.0280289, 0.05028399, 204.934, 0.0, 0.0223058, 114.934, 0.0, 0.0251882, 21400781
2004-09-29T00:01:08.5756, 35.9699, -120.5302, 6.0931, 0.107452, 33, 53.0, 1.82734, 0.0652229, 0.09715708, 1.66, -9.9, 35.9698, -120.5303, 6.0830, 309.502, -22.4937, 0.0662875, 218.001, -3.62084, 0.0794724, 0.1275335, 162.2059, 0.0, 0.062306, 72.2059, 0.0, 0.0652229, 21400525
2004-09-29T00:02:10.9239, 35.8943, -120.4495, 9.0858, 0.0299855, 13, 117.0, 4.1142, 0.0447386, 0.059039783, 1.1, -9.9, 35.8943, -120.4495, 9.0962, 295.667, -15.9232, 0.0472167, 29.736000000000004, -13.9675, 0.0530836, 0.07609927, 97.056, 0.0, 0.0396811, 7.056, 0.0, 0.0447386, 30506397
2004-09-29T00:05:24.8920, 35.8202, -120.3735, 7.0555, 0.0480972, 29, 68.0, 2.12938, 0.070615, 0.09808771, 1.4, -9.9, 35.8202, -120.3734, 7.0736, 94.3301, -3.0588, 0.0667033, 3.3855099999999965, -17.1454, 0.0830259, 0.1247013, 96.68061, 0.0, 0.053988, 6.68061, 0.0, 0.070615, 21400526
2004-09-29T00:08:06.2252, 35.7977, -120.3504, 8.9935, 0.111781, 15, 81.0, 3.69531, 0.0564364, 0.08138881, 1.39, -9.9, 35.7978, -120.3505, 8.9657, 87.0641, 6.00819, 0.0585958, 178.383, 12.3355, 0.0678486, 0.1025375, 261.692, 0.0, 0.0477258, 171.692, 0.0, 0.0564364, 21400530
2004-09-29T00:08:59.4689, 35.7910, -120.3432, 8.9803, 0.0322031, 24, 56.0, 4.53253, 0.0494351, 0.06555833, 1.68, -9.9, 35.7909, -120.3433, 8.9696, 85.1431, -11.1432, 0.0424552, 350.998, -20.1493, 0.056662, 0.08534931, 93.49827, 0.0, 0.0356485, 3.49827, 0.0, 0.0494351, 30500763
2004-09-29T00:10:21.7879, 35.9236, -120.4791, 3.9582, 0.0236999, 15, 91.0, 3.30963, 0.0223972, 0.041889824, 1.59, -9.9, 35.9236, -120.4791, 3.9462, 75.4524, 3.88045, 0.0213089, 165.859, 5.97946, 0.0273443, 0.0522018, 252.848, 0.0, 0.0173825, 162.848, 0.0, 0.0223972, 30500764
2004-09-29T00:18:27.7015, 35.8016, -120.3553, 10.0992, 0.0384554, 6, 147.0, 10.8768, 0.0905402, 0.11478019, 1.08, -9.9, 35.8016, -120.3553, 10.0962, 271.483, 2.79496, 0.0726999, 180.295, 23.0142, 0.104306, 0.148162, 93.01759, 0.0, 0.0588512, 3.01759, 0.0, 0.0905402, 30500765
2004-09-29T00:18:54.5954, 35.9583, -120.5146, 2.5080, 0.028934, 15, 116.0, 1.46849, 0.0396767, 0.049571827, 1.42, -9.9, 35.9584, -120.5147, 2.5091, 253.302, 9.39258, 0.0397093, 338.171, -28.3994, 0.0416693, 0.06682766, 266.877, 0.0, 0.0322013, 176.877, 0.0, 0.0396767, 30500766
2004-09-29T00:20:47.3208, 35.9697, -120.5297, 6.0939, 0.0151002, 15, 61.0, 1.8087, 0.0329678, 0.039395064, 1.67, -9.9, 35.9697, -120.5298, 6.0902, 91.8149, 9.60686, 0.0279533, 183.506, 9.8888, 0.0405329, 0.0495212, 90.23663, 0.0, 0.0232073, 0.236632, 0.0, 0.0329678, 21400783
2004-09-29T00:22:33.5731, 35.8194, -120.3747, 8.9391, 0.0239322, 10, 137.0, 2.85384, 0.114481, 0.16294186, 1.08, -9.9, 35.8194, -120.3747, 8.9106, 77.4511, -3.10671, 0.0976724, 166.577, 15.7006, 0.135344, 0.2064604, 259.329, 0.0, 0.079173, 169.329, 0.0, 0.114481, 30500842
2004-09-29T00:23:51.9911, 35.9223, -120.4777, 4.1662, 0.0286115, 34, 40.0, 3.47381, 0.018165, 0.027838552, 2.2, -9.9, 35.9223, -120.4777, 4.1608, 262.235, -3.16262, 0.0148221, 352.622, -6.95671, 0.0222699, 0.03468136, 261.287, 0.0, 0.0120425, 171.287, 0.0, 0.018165, 30500843
2004-09-29T00:25:25.1147, 35.9284, -120.4846, 4.1164, 0.0276248, 9, 96.0, 2.72855, 0.0229869, 0.040702995, 1.08, -9.9, 35.9284, -120.4847, 4.1132, 69.984, 4.67084, 0.027061, 160.282, 3.64215, 0.0283298, 0.05061578, 242.191, 0.0, 0.0220045, 152.191, 0.0, 0.0229869, 30500844
2004-09-29T00:26:55.1744, 35.9840, -120.5415, 2.0070, 0.026231, 12, 91.0, 2.49423, 0.0319443, 0.047990914, 1.56, -9.9, 35.9841, -120.5415, 2.0139, 37.089, -9.07263, 0.0293687, 304.455, -16.0573, 0.0368545, 0.06159592, 226.32, 0.0, 0.0244017, 136.32, 0.0, 0.0319443, 30500845
2004-09-29T00:34:40.4444, 35.8317, -120.3793, 5.2180, 0.0253736, 20, 85.0, 1.81328, 0.268874, 0.29721236, 1.15, -9.9, 35.8313, -120.3795, 5.2110, 62.4903, -2.89362, 0.178294, 151.992, 9.75905, 0.331954, 0.3695959, 242.652, 0.0, 0.144515, 152.652, 0.0, 0.268874, 21400788
2004-09-29T00:38:09.9173, 35.9046, -120.4580, 4.6956, 0.060933, 26, 63.0, 2.73569, 0.0467686, 0.07300777, 1.95, -9.9, 35.9045, -120.4579, 4.6896, 261.404, -1.62475, 0.035079, 351.756, -12.2321, 0.0558407, 0.09178546, 260.562, 0.0, 0.0283744, 170.562, 0.0, 0.0467686, 21400545
2004-09-29T00:38:16.9382, 35.8564, -120.4083, 4.9329, 0.0326985, 6, 144.0, 2.87237, 0.0670766, 0.10436472, 1.41, -9.9, 35.8564, -120.4082, 4.9258, 259.083, 8.10923, 0.0494568, 167.198, 13.0005, 0.0793236, 0.132627, 263.917, 0.0, 0.0419885, 173.917, 0.0, 0.0670766, 30506406
2004-09-29T00:38:40.4409, 35.9020, -120.4566, 8.3854, 0.0192442, 28, 59.0, 2.94084, 0.109364, 0.14677823, 1.85, -9.9, 35.9020, -120.4566, 8.3821, 260.992, -0.495908, 0.0761409, 351.166, -19.3705, 0.127599, 0.1874624, 260.759, 0.0, 0.06147, 170.759, 0.0, 0.109364, 30228474
2004-09-29T00:46:15.9960, 35.9709, -120.5333, 4.5506, 0.067921, 15, 63.0, 2.00131, 0.0497586, 0.08497491, 1.39, -9.9, 35.9708, -120.5332, 4.5486, 87.8994, -14.9915, 0.0561808, 356.639, -4.69379, 0.0573658, 0.1082178, 155.62, 0.0, 0.0462002, 65.62, 0.0, 0.0497586, 30500769
2004-09-29T00:48:15.2373, 35.8606, -120.4123, 4.8810, 0.0358093, 17, 74.0, 2.53259, 0.0366098, 0.06743014, 1.39, -9.9, 35.8608, -120.4123, 4.8518, 85.2788, -7.3386, 0.0275291, 355.26, -0.144247, 0.0453541, 0.0841522, 265.357, 0.0, 0.0236856, 175.357, 0.0, 0.0366098, 30500771
2004-09-29T00:50:48.5416, 35.9308, -120.4874, 3.9582, 0.012583, 13, 95.0, 2.46778, 0.0285828, 0.049715452, 1.06, -9.9, 35.9308, -120.4875, 3.9662, 321.69, -9.96231, 0.0302177, 229.795, -10.6644, 0.0334605, 0.0631139, 161.638, 0.0, 0.0251242, 71.638, 0.0, 0.0285828, 30506409
2004-09-29T00:52:08.2310, 35.9269, -120.4836, 3.4564, 0.0831091, 39, 47.0, 1.83024, 0.0590765, 0.12677108, 2.03, -9.9, 35.9270, -120.4835, 3.4446, 270.291, -5.54598, 0.0681942, 0.32035199999999975, -0.299296, 0.0731828, 0.1576534, 269.196, 0.0, 0.0561504, 179.196, 0.0, 0.0590765, 21400552
2004-09-29T00:57:13.1746, 35.8843, -120.4363, 4.8678, 0.0182354, 20, 74.0, 3.15167, 0.0375385, 0.06116594, 1.13, -9.9, 35.8844, -120.4363, 4.8669, 85.9298, 0.684547, 0.0251655, 176.047, 9.73946, 0.0453211, 0.07649482, 265.646, 0.0, 0.0203245, 175.646, 0.0, 0.0375385, 21400549
2004-09-29T01:02:28.3478, 36.0467, -120.6105, 3.5618, 0.0197417, 18, 83.0, 2.77847, 0.0716184, 0.10442839, 1.42, -9.9, 36.0467, -120.6105, 3.5567, 284.783, -8.10201, 0.0414933, 198.566, 24.8639, 0.0717591, 0.1402092, 97.12353, 0.0, 0.0353716, 7.12353, 0.0, 0.0716184, 30228475
2004-09-29T01:03:01.0631, 35.9342, -120.4907, 4.4328, 0.00798159, 13, 95.0, 2.20677, 0.0226149, 0.036077183, 1.16, -9.9, 35.9341, -120.4907, 4.4123, 244.667, -12.8721, 0.0224053, 336.807, -9.28244, 0.0271098, 0.04597237, 230.92, 0.0, 0.0192349, 140.92, 0.0, 0.0226149, 30228476
2004-09-29T01:03:40.6220, 35.9205, -120.4800, 4.3265, 0.0314526, 28, 46.0, 1.27691, 0.0572522, 0.1316582, 1.85, -9.9, 35.9205, -120.4801, 4.2957, 88.7899, -14.9954, 0.0545532, 357.191, -5.94767, 0.0582741, 0.1690827, 151.4549, 0.0, 0.0465548, 61.4549, 0.0, 0.0572522, 21400547
2004-09-29T01:11:42.5634, 35.9279, -120.4843, 4.0640, 0.0135149, 23, 94.0, 1.93323, 0.018781, 0.03882616, 1.29, -9.9, 35.9279, -120.4843, 4.0439, 58.2315, 8.20106, 0.0192442, 149.303, 7.39607, 0.0223663, 0.04884566, 223.363, 0.0, 0.016174, 133.363, 0.0, 0.018781, 30228449
2004-09-29T01:16:51.3604, 35.8762, -120.4317, 4.5901, 0.0327558, 36, 53.0, 2.78586, 0.0420926, 0.08642456, 1.55, -9.9, 35.8760, -120.4316, 4.5574, 211.333, 12.6496, 0.0471622, 300.838, -2.20287, 0.0498014, 0.1092872, 101.3591, 0.0, 0.0400778, 11.3591, 0.0, 0.0420926, 21400553
2004-09-29T01:19:40.7186, 35.9282, -120.4845, 4.1164, 0.0223817, 25, 94.0, 1.95937, 0.0207732, 0.03350536, 1.39, -9.9, 35.9282, -120.4845, 4.1090, 245.928, -8.28529, 0.0208802, 337.395, -9.97345, 0.0249493, 0.04225978, 237.669, 0.0, 0.017295, 147.669, 0.0, 0.0207732, 21400555
2004-09-29T01:20:52.8615, 35.9698, -120.5143, 5.7256, 0.0289926, 8, 114.0, 1.13917, 10.717, 7.113513, 1.25, -9.9, 36.0170, -120.5382, 10.2512, 234.441, -34.4397, 1.38661, 357.499, -38.502, 3.64165, 15.67641, 209.305, 0.0, 2.13476, 119.305, 0.0, 10.717, 30506413
2004-09-29T01:27:27.7360, 35.9477, -120.5017, 9.2819, 0.0281868, 10, 71.0, 1.10274, 0.137735, 0.18909934, 1.05, -9.9, 35.9477, -120.5020, 9.2157, 186.96, 6.65451, 0.124343, 280.039, 24.7157, 0.146886, 0.2504131, 179.0619, 0.0, 0.101286, 89.0619, 0.0, 0.137735, 30506418
2004-09-29T01:28:07.2297, 35.9394, -120.4945, 8.4793, 0.0355779, 59, 58.0, 1.91329, 0.0564555, 0.06101308, 2.29, -9.9, 35.9395, -120.4945, 8.4761, 76.2152, 2.29935, 0.0508479, 166.98, 18.381, 0.0692012, 0.07629713, 255.906, 0.0, 0.0410835, 165.906, 0.0, 0.0564555, 21400559
2004-09-29T01:39:24.4563, 35.8496, -120.4074, 3.8107, 0.0236121, 19, 81.0, 1.69782, 0.154821, 0.26378295, 1.21, -9.9, 35.8497, -120.4075, 3.8040, 249.605, 8.86419, 0.122352, 159.249, 2.28396, 0.191468, 0.3303691, 250.922, 0.0, 0.105841, 160.922, 0.0, 0.154821, 30228829
2004-09-29T01:39:54.5134, 35.9266, -120.4830, 3.7077, 0.0175266, 23, 93.0, 1.8097, 0.0193383, 0.04642137, 1.44, -9.9, 35.9267, -120.4831, 3.7261, 44.0294, 3.3634, 0.0210867, 314.317, -4.8838, 0.0234966, 0.05777125, 217.397, 0.0, 0.0171786, 127.397, 0.0, 0.0193383, 30228830
2004-09-29T01:40:43.9820, 35.8656, -120.4156, 4.2086, 0.0173367, 18, 71.0, 2.18542, 0.0268042, 0.03883048, 1.41, -9.9, 35.8656, -120.4156, 4.2083, 262.923, 5.96351, 0.018222, 170.76, 19.8591, 0.0301761, 0.05023949, 267.032, 0.0, 0.015097, 177.032, 0.0, 0.0268042, 21400558
2004-09-29T01:51:23.2977, 35.9697, -120.5300, 6.1063, 0.0277024, 15, 60.0, 1.82628, 0.0465629, 0.057788875, 1.07, -9.9, 35.9697, -120.5301, 6.0972, 274.054, -10.4578, 0.0414412, 8.1327, -21.0759, 0.0543799, 0.07479464, 267.831, 0.0, 0.0343955, 177.831, 0.0, 0.0465629, 21400571
2004-09-29T01:53:35.1087, 35.8978, -120.4503, 4.9066, 0.0459195, 62, 39.0, 3.64085, 0.066885, 0.114824966, 3.41, -9.9, 35.8978, -120.4503, 4.8930, 84.125, 1.70982, 0.0503539, 174.379, 8.45362, 0.0810093, 0.1433673, 263.319, 0.0, 0.0407646, 173.319, 0.0, 0.066885, 21400562
2004-09-29T01:55:37.4048, 35.8078, -120.3626, 9.7828, 0.0459376, 40, 37.0, 2.68058, 0.0755885, 0.10036966, 2.23, -9.9, 35.8078, -120.3627, 9.7611, 189.214, 25.5425, 0.0820921, 277.91, -2.72642, 0.0857463, 0.1322181, 269.812, 0.0, 0.0691669, 179.812, 0.0, 0.0755885, 30506421
2004-09-29T01:59:28.2158, 35.8695, -120.4215, 4.7755, 0.0599904, 20, 87.0, 2.24576, 0.0395768, 0.059453804, 1.51, -9.9, 35.8695, -120.4214, 4.7615, 90.6277, -0.251726, 0.0271731, 0.5439920000000029, -18.3857, 0.0450412, 0.07616029, 90.79829, 0.0, 0.021935, 0.798287, 0.0, 0.0395768, 30506427
2004-09-29T01:59:45.2174, 35.8973, -120.4494, 4.1155, 0.0444932, 48, 50.0, 3.73431, 0.047269, 0.10870565, 2.13, -9.9, 35.8973, -120.4494, 4.0890, 269.156, 1.80925, 0.0505293, 179.005, 4.75274, 0.0576619, 0.1351093, 91.74675, 0.0, 0.0408968, 1.74675, 0.0, 0.047269, 21400568
2004-09-29T02:01:35.4107, 35.9046, -120.4580, 4.7352, 0.0330585, 43, 34.0, 2.73569, 0.040745, 0.06272977, 2.29, -9.9, 35.9046, -120.4579, 4.7416, 261.542, -1.50501, 0.029904, 351.89, -13.0179, 0.0484783, 0.0789968, 260.764, 0.0, 0.024182, 170.764, 0.0, 0.040745, 21400563
2004-09-29T02:03:19.2311, 35.9236, -120.4793, 3.9322, 0.0226873, 18, 91.0, 1.60493, 0.0161724, 0.031233348, 1.11, -9.9, 35.9236, -120.4793, 3.9279, 251.758, -1.64699, 0.0167662, 341.893, -4.68339, 0.019848, 0.03880255, 250.509, 0.0, 0.0135564, 160.509, 0.0, 0.0161724, 30228559
2004-09-29T02:05:17.9331, 35.9282, -120.4845, 4.1164, 0.0255602, 27, 47.0, 2.73853, 0.0212571, 0.03546802, 2.42, -9.9, 35.9283, -120.4846, 4.1152, 250.572, -6.4943, 0.0204754, 341.086, -4.50383, 0.0261736, 0.04425228, 248.022, 0.0, 0.0168995, 158.022, 0.0, 0.0212571, 21400569
2004-09-29T02:05:27.8092, 35.8759, -120.4316, 4.5374, 0.0387793, 6, 180.0, 2.78513, 0.0555762, 0.11781905, 1.7, -9.9, 35.8759, -120.4317, 4.5312, 242.743, 10.7348, 0.0540711, 151.217, 7.99934, 0.0646695, 0.1494307, 265.033, 0.0, 0.0469979, 175.033, 0.0, 0.0555762, 30500772
2004-09-29T02:06:25.4869, 35.8748, -120.4264, 4.7615, 0.0329525, 41, 40.0, 2.36655, 0.0529788, 0.09531647, 2.37, -9.9, 35.8749, -120.4263, 4.7623, 85.5179, -2.91319, 0.0379555, 355.038, -9.34277, 0.0635258, 0.1193568, 267.2, 0.0, 0.0309541, 177.2, 0.0, 0.0529788, 30500773
2004-09-29T02:10:01.8292, 35.8748, -120.4265, 4.7624, 0.246062, 8, 138.0, 4.87339, 0.036802, 0.05962918, 1.83, -9.9, 35.8749, -120.4267, 4.7631, 101.522, -2.23831, 0.0342937, 11.0822, -11.1105, 0.0440663, 0.07483128, 103.25, 0.0, 0.0277489, 13.25, 0.0, 0.036802, 30506423
2004-09-29T02:10:42.8547, 35.9699, -120.5302, 6.0931, 0.0395806, 11, 59.0, 1.82734, 0.0576989, 0.08758743, 1.2, -9.9, 35.9699, -120.5303, 6.0917, 314.103, -20.011, 0.0601682, 222.023, -5.69211, 0.06935, 0.1137819, 169.73, 0.0, 0.0541013, 79.73, 0.0, 0.0576989, 30506425
2004-09-29T02:11:46.8273, 35.9392, -120.4943, 8.5057, 0.0358233, 43, 58.0, 1.93418, 0.0530547, 0.06098857, 1.7, -9.9, 35.9392, -120.4941, 8.4951, 75.1089, 2.92836, 0.048019, 164.973, -2.64983, 0.0657047, 0.07563533, 255.204, 0.0, 0.0388352, 165.204, 0.0, 0.0530547, 21400564
2004-09-29T02:12:06.5541, 35.9392, -120.4939, 8.5057, 0.107353, 7, 177.0, 1.94, 0.0639568, 0.07300399, 1.07, -9.9, 35.9391, -120.4940, 8.5035, 79.8095, 2.11943, 0.0528041, 169.448, -9.6643, 0.0788723, 0.09079777, 260.013, 0.0, 0.0426791, 170.013, 0.0, 0.0639568, 30506426
2004-09-29T02:17:55.7168, 35.9348, -120.4912, 4.4855, 0.0207984, 24, 95.0, 2.16791, 0.0271436, 0.038590237, 1.14, -9.9, 35.9347, -120.4912, 4.4800, 72.3299, 14.4871, 0.0285506, 163.859, 5.89616, 0.0333316, 0.0489721, 243.452, 0.0, 0.0243231, 153.452, 0.0, 0.0271436, 21400567
2004-09-29T02:23:42.8310, 35.8005, -120.3538, 9.4417, 0.0643702, 36, 41.0, 3.36479, 0.0598645, 0.07920792, 1.89, -9.9, 35.8005, -120.3537, 9.4317, 88.945, -6.07921, 0.046025, 356.973, -17.9099, 0.0706609, 0.1010621, 91.76859, 0.0, 0.0378217, 1.76859, 0.0, 0.0598645, 21400570
2004-09-29T02:30:05.1570, 35.9318, -120.4877, 7.9371, 0.0195712, 19, 96.0, 2.44311, 0.0943498, 0.12078928, 1.18, -9.9, 35.9320, -120.4879, 7.9626, 36.8169, -4.07861, 0.0952057, 305.307, -20.2832, 0.110647, 0.1544797, 220.219, 0.0, 0.0770683, 130.219, 0.0, 0.0943498, 21400572
2004-09-29T02:33:44.9750, 35.8570, -120.4056, 4.2737, 0.0534797, 62, 39.0, 2.40393, 0.0569261, 0.09551546, 3.06, -9.9, 35.8571, -120.4056, 4.2807, 271.307, 3.23625, 0.048533, 180.526, 13.5447, 0.0663774, 0.1208319, 94.21773, 0.0, 0.0394288, 4.21773, 0.0, 0.0569261, 21400579
2004-09-29T02:36:32.9946, 35.8740, -120.4288, 4.8934, 0.0252061, 13, 81.0, 2.60105, 0.0533266, 0.114744715, 1.07, -9.9, 35.8740, -120.4288, 4.9167, 72.4727, -15.9517, 0.0452363, 343.193, 2.51675, 0.0653504, 0.1474032, 237.774, 0.0, 0.0475674, 147.774, 0.0, 0.0533266, 30506428
2004-09-29T02:40:15.0583, 35.8014, -120.3552, 10.1273, 0.0436726, 40, 52.0, 3.26603, 0.0780017, 0.10010361, 2.06, -9.9, 35.8016, -120.3553, 10.1100, 94.6714, -2.53551, 0.0600014, 3.568790000000007, -23.4869, 0.0889817, 0.1296896, 96.11534, 0.0, 0.0485634, 6.11534, 0.0, 0.0780017, 30506429
2004-09-29T02:42:39.1771, 35.8079, -120.3627, 9.7845, 0.012722, 7, 144.0, 9.17241, 0.0699204, 0.09458676, 1.14, -9.9, 35.8079, -120.3628, 9.7656, 64.7458, -15.1904, 0.0802778, 331.104, -13.1657, 0.0811987, 0.1213305, 107.8636, 0.0, 0.0651996, 17.8636, 0.0, 0.0699204, 30506430
2004-09-29T02:42:49.5313, 35.8788, -120.4338, 4.7467, 0.0568436, 60, 37.0, 2.92981, 0.197215, 0.17177983, 2.94, -9.9, 35.8795, -120.4347, 4.7426, 186.476, 10.8567, 0.0766406, 335.357, 77.3729, 0.215799, 0.2446666, 186.1688, 0.0, 0.0690705, 96.1688, 0.0, 0.197215, 21400733
2004-09-29T02:45:36.9506, 35.8790, -120.4341, 4.6692, 0.0249156, 15, 82.0, 2.95151, 0.0526849, 0.09451719, 1.21, -9.9, 35.8788, -120.4341, 4.6523, 25.8943, -9.3519, 0.0481588, 293.979, -11.4731, 0.0612613, 0.1202283, 217.777, 0.0, 0.0408089, 127.777, 0.0, 0.0526849, 30506431
2004-09-29T02:46:31.9175, 35.8695, -120.4211, 4.6429, 0.0205539, 10, 115.0, 2.22239, 0.0735932, 0.1267698, 1.39, -9.9, 35.8695, -120.4210, 4.6300, 264.181, 3.14158, 0.047838, 173.541, 11.5081, 0.0871407, 0.1595147, 266.023, 0.0, 0.0391278, 176.023, 0.0, 0.0735932, 30506432
2004-09-29T02:47:22.1706, 35.8656, -120.4156, 4.2350, 0.0429092, 16, 106.0, 2.18542, 0.0297843, 0.043369833, 1.42, -9.9, 35.8656, -120.4157, 4.2056, 264.873, 5.34329, 0.0189601, 173.666, 12.6985, 0.0357304, 0.05470452, 266.884, 0.0, 0.015743, 176.884, 0.0, 0.0297843, 21400724
2004-09-29T02:48:38.4220, 35.9263, -120.4825, 3.9425, 0.0145911, 10, 105.0, 2.94527, 0.0688959, 0.13241203, 1.04, -9.9, 35.9263, -120.4827, 3.9465, 125.012, 9.80653, 0.0814527, 214.664, -2.01026, 0.0831263, 0.1659552, 195.301, 0.0, 0.0670083, 105.301, 0.0, 0.0688959, 30500801
2004-09-29T02:48:50.0012, 35.8555, -120.4060, 4.6956, 0.0226904, 8, 113.0, 2.25483, 0.0562543, 0.07147559, 1.08, -9.9, 35.8556, -120.4059, 4.6885, 178.775, 14.5363, 0.0548965, 272.062, 12.4674, 0.0681598, 0.09137624, 171.195, 0.0, 0.0464488, 81.195, 0.0, 0.0562543, 30500802
2004-09-29T02:53:54.5786, 35.9913, -120.5501, 3.4564, 0.0423969, 23, 55.0, 2.35338, 0.0521849, 0.08389882, 1.37, -9.9, 35.9913, -120.5502, 3.4613, 34.4214, 0.807218, 0.0430994, 304.757, -22.5669, 0.0528669, 0.1104033, 213.263, 0.0, 0.0347973, 123.263, 0.0, 0.0521849, 30228318
2004-09-29T03:01:05.3144, 35.9251, -120.4821, 3.9985, 0.0204985, 11, 149.0, 3.01192, 2.40554, 0.9674287, 1.35, -9.9, 35.9225, -120.4763, 3.7989, 5.468739999999997, 30.3436, 0.751147, 343.028, -57.6525, 1.18891, 3.021144, 179.9185, 0.0, 0.716258, 89.9185, 0.0, 2.40554, 21400713
2004-09-29T03:07:40.7470, 35.9318, -120.4877, 7.9371, 0.0191485, 36, 51.0, 2.35044, 0.107216, 0.12849508, 1.8, -9.9, 35.9320, -120.4877, 7.9498, 249.462, -10.9773, 0.1062, 343.759, -21.1185, 0.12655, 0.1655415, 242.231, 0.0, 0.0873615, 152.231, 0.0, 0.107216, 21400648
2004-09-29T03:12:25.2884, 35.8973, -120.4494, 4.1155, 0.0397707, 36, 50.0, 4.65463, 0.049826, 0.11724695, 2.28, -9.9, 35.8973, -120.4493, 4.0924, 108.413, 1.22575, 0.0526035, 18.566100000000006, -7.12747, 0.0594412, 0.1462249, 105.8112, 0.0, 0.0425091, 15.8112, 0.0, 0.049826, 21400646
2004-09-29T03:15:58.3835, 35.9236, -120.4793, 3.9586, 0.0264017, 23, 49.0, 3.29589, 0.0151618, 0.02841351, 1.91, -9.9, 35.9236, -120.4792, 3.9380, 87.8728, 0.263558, 0.00929574, 177.891, 3.85353, 0.0186755, 0.03525813, 267.813, 0.0, 0.00750449, 177.813, 0.0, 0.0151618, 21400705
2004-09-29T03:16:25.2039, 35.9236, -120.4793, 3.9322, 0.0262267, 14, 95.0, 3.29589, 0.0167019, 0.031986218, 1.23, -9.9, 35.9236, -120.4792, 3.9206, 88.2535, 0.444144, 0.00969045, 178.28, 3.43115, 0.0205916, 0.03967966, 268.162, 0.0, 0.00782571, 178.162, 0.0, 0.0167019, 30500798
2004-09-29T03:23:24.8515, 35.8790, -120.4342, 4.6956, 0.0450065, 12, 82.0, 2.95903, 0.0695072, 0.11769444, 1.1, -9.9, 35.8792, -120.4343, 4.7161, 196.066, 13.9914, 0.0587914, 287.93, 7.43882, 0.0839656, 0.1504748, 186.1549, 0.0, 0.0539954, 96.1549, 0.0, 0.0695072, 21400668
2004-09-29T03:24:11.5086, 35.9483, -120.5060, 4.9329, 0.0246468, 9, 67.0, 1.28285, 0.050587, 0.07764909, 1.05, -9.9, 35.9483, -120.5058, 4.9177, 82.3198, 5.56787, 0.0474394, 172.959, 6.53038, 0.0620719, 0.0969159, 260.15, 0.0, 0.0388354, 170.15, 0.0, 0.050587, 30500779
2004-09-29T03:24:53.1293, 35.9314, -120.4882, 4.0373, 0.0156859, 12, 95.0, 2.39925, 0.0278456, 0.039251618, 1.03, -9.9, 35.9312, -120.4881, 4.0074, 352.49, -7.15065, 0.0257644, 260.006, -19.0581, 0.0318723, 0.05058116, 179.3026, 0.0, 0.0211022, 89.3026, 0.0, 0.0278456, 30500780
2004-09-29T03:30:14.9145, 35.9266, -120.4831, 3.5499, 0.0180806, 11, 104.0, 2.88942, 0.0138669, 0.028886795, 1.03, -9.9, 35.9266, -120.4830, 3.5574, 86.1949, 2.03433, 0.0109821, 176.218, 0.649333, 0.0171755, 0.03580899, 266.063, 0.0, 0.00891827, 176.063, 0.0, 0.0138669, 21400725
2004-09-29T03:31:08.3615, 35.7911, -120.3433, 8.9539, 0.11326, 25, 68.0, 4.52111, 0.0546043, 0.0754386, 1.66, -9.9, 35.7911, -120.3433, 8.9567, 255.663, 11.7761, 0.0460659, 163.765, 9.02591, 0.06667, 0.09561613, 259.667, 0.0, 0.0395346, 169.667, 0.0, 0.0546043, 30500803
2004-09-29T03:32:23.4999, 35.9264, -120.4829, 3.5235, 0.0527002, 18, 93.0, 2.90945, 0.0162325, 0.029747535, 1.63, -9.9, 35.9265, -120.4829, 3.5179, 19.781999999999996, 2.09744, 0.0169274, 290.014, -6.31276, 0.0198096, 0.03703299, 197.854, 0.0, 0.0136947, 107.854, 0.0, 0.0162325, 30500804
2004-09-29T03:38:24.6010, 35.8790, -120.4341, 4.7220, 0.0295812, 24, 54.0, 2.95151, 0.0489651, 0.0983916, 1.41, -9.9, 35.8788, -120.4340, 4.7274, 217.329, 12.5576, 0.0439663, 307.511, 0.818568, 0.0606296, 0.1245068, 215.379, 0.0, 0.0409451, 125.379, 0.0, 0.0489651, 21400716
2004-09-29T03:39:54.4297, 35.9254, -120.4814, 4.0113, 0.0142731, 16, 92.0, 3.06691, 0.0193394, 0.030347953, 1.01, -9.9, 35.9254, -120.4814, 4.0052, 255.831, 2.17343, 0.01992, 165.666, 4.34051, 0.0238561, 0.03768123, 256.626, 0.0, 0.0161082, 166.626, 0.0, 0.0193394, 21400714
2004-09-29T03:40:01.7956, 35.7871, -120.3294, 4.7879, 0.0400845, 15, 76.0, 5.34003, 0.0518742, 0.09422485, 1.36, -9.9, 35.7872, -120.3294, 4.7749, 86.4756, -2.05594, 0.0595529, 356.344, -3.65606, 0.063954, 0.1169544, 268.674, 0.0, 0.0481529, 178.674, 0.0, 0.0518742, 30228834
2004-09-29T03:46:13.5758, 35.9483, -120.5060, 4.9329, 0.0220078, 10, 67.0, 1.28285, 0.0497849, 0.07415727, 1.05, -9.9, 35.9483, -120.5059, 4.9220, 84.4844, 4.54641, 0.0468994, 174.935, 5.64872, 0.0612913, 0.09233736, 263.125, 0.0, 0.0381873, 173.125, 0.0, 0.0497849, 21400704
2004-09-29T03:48:50.0387, 35.9284, -120.4861, 4.2985, 0.030914, 16, 93.0, 2.59187, 0.156909, 0.18588473, 1.04, -9.9, 35.9280, -120.4859, 4.2616, 10.725700000000003, -3.90408, 0.124143, 278.78, -26.4557, 0.180675, 0.2415128, 192.528, 0.0, 0.100704, 102.528, 0.0, 0.156909, 21400699
2004-09-29T03:56:18.4089, 35.8426, -120.3997, 7.8284, 0.0355232, 8, 121.0, 4.35204, 0.268646, 0.5417337, 1.09, -9.9, 35.8429, -120.3997, 7.9245, 251.451, 6.60549, 0.250977, 160.307, 9.7836, 0.314354, 0.6829155, 260.952, 0.0, 0.208924, 170.952, 0.0, 0.268646, 21400696
2004-09-29T03:58:20.2452, 35.8759, -120.4320, 4.1106, 0.602762, 16, 81.0, 2.81811, 0.213871, 0.36458698, 2.59, -9.9, 35.8760, -120.4321, 4.1034, 256.44, 7.45687, 0.131572, 345.34, -8.34252, 0.258821, 0.458558, 259.54, 0.0, 0.115188, 169.54, 0.0, 0.213871, 30500795
2004-09-29T03:58:27.1280, 35.8842, -120.4370, 5.0120, 0.0578142, 28, 79.0, 3.21227, 0.053786, 0.080225244, 2.22, -9.9, 35.8842, -120.4369, 4.9897, 87.1077, -2.29349, 0.035062, 356.762, -8.56748, 0.0656721, 0.1000936, 267.711, 0.0, 0.028457, 177.711, 0.0, 0.053786, 30500796
2004-09-29T04:10:45.8554, 35.8843, -120.4369, 4.9857, 0.0361537, 14, 90.0, 3.20324, 0.0438763, 0.07040536, 1.23, -9.9, 35.8842, -120.4369, 4.9691, 88.8929, -3.61674, 0.0306659, 358.174, -11.2312, 0.0525335, 0.08847283, 90.65616, 0.0, 0.0250769, 0.656161, 0.0, 0.0438763, 21400689
2004-09-29T04:14:28.9920, 35.9264, -120.4829, 3.6553, 0.0234397, 12, 104.0, 2.90945, 0.0144256, 0.04308619, 1.03, -9.9, 35.9265, -120.4829, 3.6788, 18.086600000000004, -1.34187, 0.0165843, 288.056, -1.29024, 0.0178342, 0.05340316, 199.869, 0.0, 0.01342, 109.869, 0.0, 0.0144256, 21400685
2004-09-29T04:15:33.8516, 35.8546, -120.4050, 4.6569, 0.0290286, 25, 54.0, 2.13441, 0.0366518, 0.059108112, 1.84, -9.9, 35.8548, -120.4051, 4.6480, 77.363, 3.05076, 0.035373, 168.121, 13.9404, 0.042903, 0.07478099, 254.014, 0.0, 0.0286546, 164.014, 0.0, 0.0366518, 30500790
2004-09-29T04:18:18.9369, 35.8788, -120.4339, 4.6956, 0.0147342, 12, 82.0, 2.9366, 0.0502286, 0.09616605, 1.06, -9.9, 35.8787, -120.4340, 4.6856, 206.444, 10.346, 0.0459258, 295.965, -2.62177, 0.0619909, 0.1209114, 210.225, 0.0, 0.0404079, 120.225, 0.0, 0.0502286, 30500792
2004-09-29T04:19:57.3377, 35.8294, -120.3826, 6.6600, 0.0355313, 11, 88.0, 1.63108, 0.048257, 0.07257727, 1.12, -9.9, 35.8294, -120.3826, 6.6528, 91.1845, -0.775299, 0.0452056, 1.064869999999999, -8.76867, 0.0588563, 0.09052894, 91.54584, 0.0, 0.0364989, 1.54584, 0.0, 0.048257, 21400680
2004-09-29T04:20:18.0116, 35.8144, -120.3617, 5.8014, 0.0317162, 11, 85.0, 1.95325, 0.0831438, 0.12419444, 1.07, -9.9, 35.8144, -120.3618, 5.7797, 259.122, 5.10084, 0.066777, 168.601, 5.81641, 0.102311, 0.1548086, 260.282, 0.0, 0.0548046, 170.282, 0.0, 0.0831438, 30500789
2004-09-29T04:22:07.2236, 35.8812, -120.4371, 4.4979, 0.042067, 33, 44.0, 3.20519, 0.152453, 0.19417848, 1.75, -9.9, 35.8815, -120.4371, 4.5237, 10.101200000000006, -10.7584, 0.0529742, 272.608, -34.4621, 0.0945528, 0.2917801, 202.339, 0.0, 0.0466616, 112.339, 0.0, 0.152453, 21400679
2004-09-29T04:28:43.8751, 35.9253, -120.4813, 4.0311, 0.0157055, 34, 48.0, 3.07719, 0.0180153, 0.02763402, 2.29, -9.9, 35.9253, -120.4814, 4.0195, 250.082, -0.643084, 0.0176707, 340.152, -6.20842, 0.0221369, 0.03435405, 249.826, 0.0, 0.014266, 159.826, 0.0, 0.0180153, 21400675
2004-09-29T04:31:53.9045, 35.9224, -120.4778, 4.1695, 0.0128021, 30, 59.0, 3.45389, 0.0190242, 0.027217431, 2.18, -9.9, 35.9223, -120.4778, 4.1523, 238.243, -1.16208, 0.0188884, 328.482, -11.6204, 0.0230159, 0.03410242, 237.511, 0.0, 0.0152527, 147.511, 0.0, 0.0190242, 30500784
2004-09-29T04:33:58.4076, 35.9224, -120.4778, 4.1691, 0.0326291, 46, 39.0, 3.46009, 0.021226, 0.03460667, 2.62, -9.9, 35.9223, -120.4778, 4.1586, 253.165, -3.73447, 0.0195456, 343.678, -7.80191, 0.0258642, 0.04320247, 251.18, 0.0, 0.0158972, 161.18, 0.0, 0.021226, 30500786
2004-09-29T04:35:24.9302, 35.8536, -120.4068, 5.4866, 0.0234531, 11, 86.0, 2.07296, 0.0670083, 0.12619945, 1.2, -9.9, 35.8536, -120.4068, 5.4755, 77.79, -9.42401, 0.0527596, 347.05, -4.44793, 0.0822303, 0.1585995, 261.636, 0.0, 0.0468201, 171.636, 0.0, 0.0670083, 30500787
2004-09-29T04:40:30.4663, 35.9142, -120.4727, 4.2078, 0.0274692, 27, 49.0, 4.211, 0.0605271, 0.13716221, 1.95, -9.9, 35.9143, -120.4728, 4.2356, 81.4801, 6.74069, 0.0538398, 172.227, 6.29264, 0.0727055, 0.1718512, 253.948, 0.0, 0.0458064, 163.948, 0.0, 0.0605271, 21400666
2004-09-29T04:50:01.7035, 35.9266, -120.4831, 3.5235, 0.0327063, 26, 50.0, 2.88942, 0.0167157, 0.029860705, 2.0, -9.9, 35.9266, -120.4831, 3.5134, 85.1714, 4.7401, 0.0154223, 175.131, -0.485086, 0.0207067, 0.03709917, 265.379, 0.0, 0.0126505, 175.379, 0.0, 0.0167157, 21400661
2004-09-29T04:51:48.9988, 35.8614, -120.4122, 4.6437, 0.0325553, 13, 83.0, 2.45115, 0.0262032, 0.044839382, 1.39, -9.9, 35.8613, -120.4123, 4.6342, 81.8733, -6.93287, 0.0230721, 350.581, -10.5102, 0.0312059, 0.05655673, 267.6, 0.0, 0.0191903, 177.6, 0.0, 0.0262032, 30500778
2004-09-29T05:00:21.5334, 35.8761, -120.4318, 4.5374, 0.0175986, 27, 45.0, 2.79733, 0.0474939, 0.095347956, 2.07, -9.9, 35.8761, -120.4317, 4.5465, 235.19, 10.3616, 0.0467123, 143.219, 10.6548, 0.0535288, 0.1215198, 259.218, 0.0, 0.039539, 169.218, 0.0, 0.0474939, 21400649
2004-09-29T05:03:50.0101, 35.9344, -120.4909, 4.4591, 0.0223951, 17, 95.0, 2.19358, 0.0226724, 0.03547875, 1.13, -9.9, 35.9344, -120.4910, 4.4501, 68.4617, 13.9406, 0.0240221, 161.013, 10.1669, 0.0268062, 0.04538435, 224.232, 0.0, 0.0203332, 134.232, 0.0, 0.0226724, 30500777
2004-09-29T05:07:32.8775, 35.9841, -120.5414, 2.0202, 0.0200253, 10, 92.0, 2.48611, 0.036476, 0.05697783, 1.07, -9.9, 35.9841, -120.5414, 2.0157, 40.2556, -10.4293, 0.0320945, 307.079, -16.7542, 0.0409547, 0.07375481, 232.519, 0.0, 0.0270436, 142.519, 0.0, 0.036476, 21400738
2004-09-29T05:08:05.6135, 35.9220, -120.4773, 4.1139, 0.0509583, 30, 53.0, 3.51568, 0.079961, 0.154892, 2.05, -9.9, 35.9220, -120.4774, 4.1131, 78.4006, 10.4627, 0.0762675, 168.921, 2.81501, 0.098592, 0.1948067, 253.428, 0.0, 0.0668157, 163.428, 0.0, 0.079961, 30500805
2004-09-29T05:08:57.6551, 35.8761, -120.4318, 4.5110, 0.0218705, 28, 53.0, 2.79733, 0.0470919, 0.10152799, 2.07, -9.9, 35.8760, -120.4318, 4.5232, 242.803, 8.16204, 0.0474756, 151.482, 9.12927, 0.0543264, 0.1282428, 262.0, 0.0, 0.0397698, 172.0, 0.0, 0.0470919, 30500806
2004-09-29T05:13:11.9735, 35.8761, -120.4316, 4.5374, 0.0239769, 18, 80.0, 2.77971, 0.042725, 0.0879199, 1.03, -9.9, 35.8760, -120.4316, 4.5168, 167.726, 10.7019, 0.0470549, 259.341, 8.48432, 0.0474006, 0.1115265, 118.5632, 0.0, 0.03815, 28.5632, 0.0, 0.042725, 21400789
2004-09-29T05:20:12.8148, 35.8291, -120.3821, 6.6336, 0.0314884, 51, 53.0, 1.68433, 0.0440014, 0.056357246, 1.94, -9.9, 35.8291, -120.3822, 6.6164, 83.005, -12.7031, 0.0455461, 348.773, -18.1273, 0.0516244, 0.07268631, 95.98883, 0.0, 0.0376588, 5.98883, 0.0, 0.0440014, 21400740
2004-09-29T05:26:22.7842, 35.8589, -120.4078, 4.2086, 0.0278657, 9, 80.0, 2.59555, 0.0323416, 0.05107527, 1.54, -9.9, 35.8589, -120.4078, 4.2017, 78.8179, -8.85395, 0.0315329, 346.658, -13.5996, 0.037786, 0.06508298, 269.337, 0.0, 0.026141, 179.337, 0.0, 0.0323416, 30500928
2004-09-29T05:27:13.4685, 35.9282, -120.4845, 4.1164, 0.0623643, 34, 38.0, 2.73853, 0.0210387, 0.032677602, 2.48, -9.9, 35.9282, -120.4845, 4.1056, 243.739, -5.60678, 0.0200435, 334.887, -11.5361, 0.0251999, 0.0411527, 239.357, 0.0, 0.0163863, 149.357, 0.0, 0.0210387, 30500929
2004-09-29T05:35:07.1744, 35.8696, -120.4214, 4.8019, 0.032542, 30, 44.0, 2.23277, 0.0394459, 0.06468615, 2.08, -9.9, 35.8696, -120.4213, 4.7966, 86.5997, -3.45435, 0.0281895, 355.667, -15.0946, 0.0454441, 0.08223246, 269.194, 0.0, 0.0230003, 179.194, 0.0, 0.0394459, 21401840
2004-09-29T05:35:30.2144, 35.8606, -120.4123, 4.9074, 0.0309803, 13, 90.0, 2.53259, 0.0319221, 0.051105205, 1.55, -9.9, 35.8607, -120.4124, 4.9108, 85.4203, -5.29133, 0.0235926, 354.647, -8.29129, 0.0388406, 0.06397066, 267.42, 0.0, 0.0195238, 177.42, 0.0, 0.0319221, 30500913
2004-09-29T05:41:12.7209, 35.8849, -120.4397, 4.8011, 0.034242, 53, 42.0, 3.46248, 0.16188, 0.16572009, 2.3, -9.9, 35.8846, -120.4396, 4.7757, 5.3936199999999985, -8.73493, 0.0753289, 267.291, -42.5317, 0.128323, 0.2575643, 191.795, 0.0, 0.0631033, 101.795, 0.0, 0.16188, 21401400
2004-09-29T05:41:51.4967, 35.8848, -120.4400, 4.7467, 0.0267497, 11, 88.0, 3.48288, 0.299225, 0.24841018, 1.1, -9.9, 35.8841, -120.4393, 4.6967, 4.835080000000005, -6.83513, 0.0780814, 266.349, -50.9158, 0.158195, 0.4555341, 189.4893, 0.0, 0.0651175, 99.4893, 0.0, 0.299225, 30506464
2004-09-29T05:43:42.5867, 35.8850, -120.4398, 4.7484, 0.0292182, 13, 89.0, 3.47201, 0.170915, 0.17325966, 1.14, -9.9, 35.8847, -120.4396, 4.7580, 6.320449999999994, -7.51185, 0.0710362, 269.174, -43.333, 0.135696, 0.2699674, 191.522, 0.0, 0.0595117, 101.522, 0.0, 0.170915, 30506465
2004-09-29T05:44:23.1324, 35.9701, -120.5303, 6.1326, 0.0358127, 20, 60.0, 1.82878, 0.0646769, 0.10877661, 1.52, -9.9, 35.9700, -120.5305, 6.1442, 306.909, -21.9438, 0.0615536, 214.909, -4.94999, 0.0731586, 0.1436139, 187.4468, 0.0, 0.0581275, 97.4468, 0.0, 0.0646769, 30506466
2004-09-29T05:48:22.8552, 35.9254, -120.4814, 4.0113, 0.0119094, 13, 107.0, 3.06691, 0.0173511, 0.025914624, 1.05, -9.9, 35.9254, -120.4814, 3.9967, 245.141, 1.80987, 0.0175582, 335.013, -4.03172, 0.021429, 0.03216017, 245.618, 0.0, 0.0141892, 155.618, 0.0, 0.0173511, 21400913
2004-09-29T05:49:36.4490, 35.9560, -120.5139, 7.4378, 0.0285295, 22, 49.0, 1.39241, 0.0455064, 0.048737306, 1.6, -9.9, 35.9560, -120.5139, 7.4337, 90.3905, 9.08399, 0.0397082, 185.98, 31.3486, 0.0533515, 0.06345012, 267.308, 0.0, 0.0325404, 177.308, 0.0, 0.0455064, 30500861
2004-09-29T05:51:02.9060, 35.8790, -120.4342, 4.7484, 0.0376243, 12, 82.0, 2.95903, 0.0550762, 0.10910375, 1.1, -9.9, 35.8792, -120.4343, 4.7229, 217.583, 12.3155, 0.0559707, 307.457, -0.573723, 0.0682119, 0.1378131, 219.822, 0.0, 0.0501041, 129.822, 0.0, 0.0550762, 30500862
2004-09-29T05:52:32.3831, 35.9701, -120.5303, 6.1178, 0.0964141, 22, 60.0, 1.82361, 0.0851892, 0.12585445, 1.46, -9.9, 35.9701, -120.5305, 6.1204, 304.311, -24.7343, 0.0839611, 31.6231, 5.81314, 0.095104, 0.1679622, 188.714, 0.0, 0.0759677, 98.714, 0.0, 0.0851892, 21400722
2004-09-29T05:56:52.4052, 35.9267, -120.4831, 3.5495, 0.0162753, 34, 47.0, 2.88575, 0.0178709, 0.032115318, 2.31, -9.9, 35.9267, -120.4831, 3.5378, 246.853, -6.65241, 0.0191637, 337.384, -4.5385, 0.0219549, 0.0400829, 241.298, 0.0, 0.0157925, 151.298, 0.0, 0.0178709, 21402416
2004-09-29T06:05:55.7989, 35.8523, -120.4040, 5.0384, 0.0320714, 11, 118.0, 1.85644, 0.0466557, 0.07080132, 1.16, -9.9, 35.8523, -120.4041, 5.0387, 244.495, 10.0645, 0.0493282, 153.116, 7.72272, 0.0568894, 0.08914621, 253.028, 0.0, 0.0410184, 163.028, 0.0, 0.0466557, 21402424
2004-09-29T06:07:33.3246, 35.8849, -120.4397, 4.7994, 0.0594381, 31, 46.0, 3.45558, 0.0766597, 0.14947423, 2.08, -9.9, 35.8849, -120.4398, 4.7853, 229.224, 11.2081, 0.084368, 318.58, -3.24495, 0.093938, 0.1882725, 248.88, 0.0, 0.0725503, 158.88, 0.0, 0.0766597, 30500940
2004-09-29T06:12:25.7271, 35.8788, -120.4339, 4.6956, 0.0344121, 26, 63.0, 2.9366, 0.0541189, 0.09966749, 1.84, -9.9, 35.8788, -120.4341, 4.6841, 218.543, 10.0171, 0.0491971, 307.399, -6.44901, 0.0656904, 0.1256799, 226.238, 0.0, 0.0426357, 136.238, 0.0, 0.0541189, 21402428
2004-09-29T06:18:15.4499, 35.9266, -120.4831, 3.6290, 0.0186782, 16, 93.0, 2.88942, 0.0150312, 0.035404477, 1.33, -9.9, 35.9266, -120.4830, 3.6289, 84.3132, 3.33421, 0.0148294, 174.334, 0.361832, 0.0186198, 0.04392791, 264.038, 0.0, 0.0121264, 174.038, 0.0, 0.0150312, 30500942
2004-09-29T06:18:28.4400, 35.8790, -120.4341, 4.7220, 0.0451571, 8, 117.0, 2.95151, 0.0534834, 0.0965476, 1.2, -9.9, 35.8789, -120.4341, 4.6932, 215.348, 9.75525, 0.0506557, 304.874, -2.75522, 0.066036, 0.1211526, 218.647, 0.0, 0.0435294, 128.647, 0.0, 0.0534834, 30500943
2004-09-29T06:20:20.4436, 35.9351, -120.4912, 7.3966, 0.0262885, 13, 137.0, 2.17948, 0.0937014, 0.11374768, 1.16, -9.9, 35.9347, -120.4912, 7.4189, 60.1989, 0.654144, 0.0791219, 150.132, -5.88395, 0.115788, 0.1411671, 240.259, 0.0, 0.0638755, 150.259, 0.0, 0.0937014, 30500944
2004-09-29T06:21:25.4248, 35.8812, -120.4371, 4.4979, 0.0613703, 18, 90.0, 3.20519, 0.0458319, 0.09720039, 1.45, -9.9, 35.8812, -120.4370, 4.4790, 244.733, 8.63376, 0.044165, 153.771, 6.31338, 0.0551095, 0.1222172, 256.08, 0.0, 0.0378629, 166.08, 0.0, 0.0458319, 30500945
2004-09-29T06:22:24.3399, 35.9417, -120.4977, 5.1158, 0.0199813, 9, 88.0, 1.65525, 0.130603, 0.2597845, 1.29, -9.9, 35.9416, -120.4976, 5.1339, 243.202, 5.74522, 0.126286, 152.165, 10.1906, 0.152638, 0.3272867, 252.131, 0.0, 0.104014, 162.131, 0.0, 0.130603, 30500946
2004-09-29T06:23:27.0443, 35.8696, -120.4214, 4.8011, 0.0457862, 47, 43.0, 2.23712, 0.055373, 0.08318563, 2.16, -9.9, 35.8696, -120.4215, 4.7810, 95.3692, -2.64525, 0.0390478, 4.348280000000003, -21.0894, 0.0605012, 0.1080764, 97.62199, 0.0, 0.0316688, 7.62199, 0.0, 0.055373, 30229579
2004-09-29T06:27:04.8818, 35.8746, -120.4290, 4.7599, 1.09899, 24, 54.0, 2.59569, 0.119654, 0.2134824, 2.05, -9.9, 35.8746, -120.4291, 4.7482, 215.535, 14.7717, 0.127679, 307.474, 7.31012, 0.138812, 0.273196, 172.0544, 0.0, 0.109152, 82.0544, 0.0, 0.119654, 30506480
2004-09-29T06:30:04.3369, 35.9279, -120.4843, 4.0640, 0.026808, 15, 101.0, 2.76086, 0.0176349, 0.031867027, 1.3, -9.9, 35.9279, -120.4843, 4.0652, 83.733, 6.52268, 0.0157344, 174.207, 4.13743, 0.0217037, 0.03976906, 261.272, 0.0, 0.0131232, 171.272, 0.0, 0.0176349, 30506482
2004-09-29T06:30:53.7901, 35.9256, -120.4815, 3.9837, 0.0381822, 11, 107.0, 3.04699, 0.0504606, 0.0961328, 1.29, -9.9, 35.9256, -120.4816, 3.9731, 78.7265, 3.26482, 0.0576406, 169.017, 5.08459, 0.0618088, 0.1195896, 253.247, 0.0, 0.0467385, 163.247, 0.0, 0.0504606, 30506483
2004-09-29T06:37:25.1329, 35.9315, -120.4883, 4.0373, 0.0124403, 13, 95.0, 2.38286, 0.0243441, 0.039028995, 1.33, -9.9, 35.9315, -120.4884, 4.0302, 359.104, -6.4455, 0.0266487, 267.828, -11.1537, 0.0290431, 0.04917652, 189.8057, 0.0, 0.0217276, 99.8057, 0.0, 0.0243441, 21401960
2004-09-29T06:39:01.7796, 35.9340, -120.4906, 4.4064, 0.0182351, 14, 95.0, 2.20907, 0.0237147, 0.03515652, 1.21, -9.9, 35.9341, -120.4906, 4.4103, 60.5481, 15.2917, 0.0235293, 154.696, 14.8165, 0.0269527, 0.04575437, 216.763, 0.0, 0.0199921, 126.763, 0.0, 0.0237147, 30500919
2004-09-29T06:39:56.5075, 35.8761, -120.4316, 4.5374, 0.0197772, 15, 80.0, 2.77971, 0.0427988, 0.08288287, 1.61, -9.9, 35.8760, -120.4316, 4.5187, 105.283, -1.92435, 0.0459643, 14.816699999999997, -13.6255, 0.0481718, 0.1050576, 110.8408, 0.0, 0.0371283, 20.8408, 0.0, 0.0427988, 30500920
2004-09-29T06:46:20.2663, 35.9345, -120.4911, 7.4362, 0.0236866, 26, 95.0, 2.17042, 0.0875817, 0.10950754, 1.18, -9.9, 35.9345, -120.4910, 7.4302, 53.8845, 0.385234, 0.0799418, 143.874, -1.50388, 0.108481, 0.1356837, 233.897, 0.0, 0.0645311, 143.897, 0.0, 0.0875817, 30228386
2004-09-29T06:49:31.1679, 35.8845, -120.4370, 4.9593, 0.0364053, 20, 86.0, 3.21313, 0.0486195, 0.084098294, 1.43, -9.9, 35.8843, -120.4370, 4.9375, 89.5614, -4.00458, 0.0379342, 358.927, -8.99275, 0.0586254, 0.1053033, 91.77149, 0.0, 0.0310738, 1.77149, 0.0, 0.0486195, 21401970
2004-09-29T06:51:23.4739, 35.8845, -120.4362, 4.8538, 0.0439852, 59, 38.0, 3.13951, 0.0501801, 0.081705265, 2.9, -9.9, 35.8844, -120.4361, 4.8542, 262.469, 1.68377, 0.0363361, 352.095, -12.5204, 0.0594317, 0.102885, 263.46, 0.0, 0.0294073, 173.46, 0.0, 0.0501801, 21401978
2004-09-29T06:53:51.8179, 35.9346, -120.4910, 4.4723, 0.0201462, 13, 95.0, 2.18063, 0.0248887, 0.03747239, 1.03, -9.9, 35.9345, -120.4911, 4.4649, 234.15, -13.4166, 0.0262692, 327.28, -12.891, 0.0289844, 0.04812609, 210.822, 0.0, 0.0219648, 120.822, 0.0, 0.0248887, 30506485
2004-09-29T06:54:49.1438, 35.8873, -120.4425, 4.7961, 0.157164, 24, 90.0, 3.74335, 1.40435, 0.706763, 2.43, -9.9, 35.8812, -120.4379, 4.8466, 191.433, 15.6027, 0.520975, 344.401, 72.5936, 0.873311, 1.75127, 189.6728, 0.0, 0.447587, 99.6728, 0.0, 1.40435, 30506486
2004-09-29T06:55:28.5244, 35.9560, -120.5139, 7.4386, 0.0303316, 23, 49.0, 1.38668, 0.0411432, 0.04879249, 1.6, -9.9, 35.9560, -120.5140, 7.4307, 91.6725, 6.75391, 0.0367736, 183.232, 12.9401, 0.0503545, 0.06121916, 90.193985, 0.0, 0.0300267, 0.193984, 0.0, 0.0411432, 30506487
2004-09-29T07:02:15.5919, 35.9237, -120.4795, 3.8531, 0.0203945, 14, 91.0, 3.27461, 0.0158729, 0.032181386, 1.4, -9.9, 35.9238, -120.4794, 3.8360, 82.4348, -2.25549, 0.0140286, 352.287, -3.76091, 0.0195293, 0.039961, 263.391, 0.0, 0.0113843, 173.391, 0.0, 0.0158729, 30500909
2004-09-29T07:34:58.7221, 35.9696, -120.5298, 6.0939, 0.031556, 38, 34.0, 1.82171, 0.0306526, 0.035710175, 2.22, -9.9, 35.9697, -120.5298, 6.0884, 87.843, 10.3351, 0.0271105, 179.232, 7.57212, 0.0378341, 0.04481267, 266.662, 0.0, 0.0224762, 176.662, 0.0, 0.0306526, 21401820
2004-09-29T07:36:50.7259, 35.9266, -120.4831, 3.5762, 0.0231654, 14, 93.0, 2.88942, 0.0136301, 0.030062674, 1.22, -9.9, 35.9266, -120.4830, 3.5662, 89.3396, 1.97095, 0.0114006, 179.379, 1.13437, 0.0168729, 0.03726932, 269.059, 0.0, 0.00925485, 179.059, 0.0, 0.0136301, 30500912
2004-09-29T07:44:57.0722, 35.9373, -120.4946, 5.1834, 0.0131043, 15, 92.0, 1.96183, 0.0434438, 0.059273258, 1.04, -9.9, 35.9374, -120.4945, 5.1846, 83.0716, 9.30062, 0.0355436, 174.663, 9.62184, 0.0530434, 0.07471508, 260.263, 0.0, 0.0298815, 170.263, 0.0, 0.0434438, 21401741
2004-09-29T08:00:42.9380, 35.8850, -120.4396, 4.8011, 0.0190722, 21, 74.0, 3.45361, 0.0555045, 0.10833241, 1.77, -9.9, 35.8849, -120.4396, 4.8061, 71.0537, -8.23602, 0.0551364, 339.989, -7.31406, 0.0666811, 0.1362325, 261.68, 0.0, 0.046407, 171.68, 0.0, 0.0555045, 21401756
2004-09-29T08:01:32.1808, 35.9784, -120.5345, 0.3533, 0.032658, 12, 87.0, 1.83668, 0.409291, 0.6496077, 1.19, -9.9, 35.9773, -120.5353, 0.7184, 52.9159, 6.66478, 0.226184, 323.608, -5.90364, 0.502608, 0.8125142, 231.505, 0.0, 0.196371, 141.505, 0.0, 0.409291, 30500903
2004-09-29T08:05:27.0845, 35.9269, -120.4833, 3.5495, 0.0273641, 30, 93.0, 2.86588, 0.0340645, 0.04452942, 1.62, -9.9, 35.9269, -120.4835, 3.5586, 350.92, 0.0538523, 0.0273294, 260.942, -21.8609, 0.0392272, 0.05731884, 170.8889, 0.0, 0.0220601, 80.8889, 0.0, 0.0340645, 21401453
2004-09-29T08:07:23.5160, 35.9237, -120.4795, 3.7740, 0.0225336, 20, 91.0, 1.61485, 0.0179416, 0.04776735, 1.27, -9.9, 35.9238, -120.4794, 3.7710, 86.6224, -1.22498, 0.0122375, 356.618, -0.182799, 0.0222266, 0.05919044, 266.657, 0.0, 0.00992844, 176.657, 0.0, 0.0179416, 30228616
2004-09-29T08:15:40.2007, 35.9174, -120.4770, 4.0364, 0.0299494, 18, 81.0, 3.70948, 0.0416179, 0.07894061, 1.68, -9.9, 35.9173, -120.4770, 4.0232, 83.4137, 7.07956, 0.0360605, 173.735, 2.58781, 0.0514045, 0.0985204, 261.572, 0.0, 0.0304874, 171.572, 0.0, 0.0416179, 21401246
2004-09-29T08:17:09.1998, 35.9046, -120.4579, 4.7360, 0.0263633, 13, 147.0, 4.66054, 0.0409135, 0.060747873, 1.17, -9.9, 35.9046, -120.4579, 4.7355, 258.802, -1.68558, 0.0289751, 349.236, -14.4195, 0.0484677, 0.07673082, 257.968, 0.0, 0.0234415, 167.968, 0.0, 0.0409135, 30500893
2004-09-29T08:25:53.3794, 35.9282, -120.4845, 4.1164, 0.0232235, 20, 94.0, 2.73853, 0.0209355, 0.033092454, 1.51, -9.9, 35.9282, -120.4845, 4.1090, 249.646, -9.01991, 0.0206586, 341.188, -9.61973, 0.0252406, 0.04176178, 241.955, 0.0, 0.0172079, 151.955, 0.0, 0.0209355, 21401251
2004-09-29T08:27:39.0756, 35.8768, -120.4324, 5.3284, 0.0247538, 11, 80.0, 2.83023, 0.0533477, 0.10409783, 1.23, -9.9, 35.8768, -120.4323, 5.3240, 82.2147, -6.88029, 0.0399487, 351.331, -7.28376, 0.0643601, 0.130618, 266.605, 0.0, 0.034244, 176.605, 0.0, 0.0533477, 30500894
2004-09-29T08:41:20.0319, 35.8695, -120.4215, 4.7755, 0.0343883, 27, 72.0, 2.24576, 0.0416425, 0.06391226, 1.84, -9.9, 35.8695, -120.4215, 4.7755, 92.1708, -1.64118, 0.0272407, 1.6603000000000065, -17.2729, 0.0476832, 0.08161436, 93.23702, 0.0, 0.0220458, 3.23702, 0.0, 0.0416425, 30229580
2004-09-29T08:42:05.4123, 35.8156, -120.3612, 5.2708, 0.0790852, 7, 165.0, 1.80908, 0.499852, 0.22499044, 1.13, -9.9, 35.8172, -120.3636, 5.2903, 167.297, 10.6629, 0.178811, 200.964, -77.2529, 0.273173, 0.6229093, 168.4498, 0.0, 0.147636, 78.4498, 0.0, 0.499852, 30506461
2004-09-29T08:47:56.1868, 35.9697, -120.5300, 6.0931, 0.160594, 8, 119.0, 2.39585, 0.0461207, 0.063921794, 1.31, -9.9, 35.9697, -120.5301, 6.0759, 285.367, -16.2194, 0.04636, 18.720100000000002, -11.3699, 0.0552315, 0.08232243, 90.10654, 0.0, 0.0398803, 0.106537, 0.0, 0.0461207, 21401260
2004-09-29T08:52:45.7826, 35.8656, -120.4156, 4.2086, 0.0500984, 13, 116.0, 2.18542, 0.0322447, 0.049277723, 1.47, -9.9, 35.8656, -120.4156, 4.2002, 85.0317, -5.16272, 0.0208389, 353.478, -16.7052, 0.0370946, 0.06300678, 268.285, 0.0, 0.0172647, 178.285, 0.0, 0.0322447, 21401229
2004-09-29T09:01:04.3641, 35.9698, -120.5301, 6.0931, 0.136633, 25, 79.0, 1.82676, 0.0575759, 0.08454563, 1.93, -9.9, 35.9697, -120.5302, 6.0730, 298.056, -21.4894, 0.0607309, 28.746700000000004, -1.75367, 0.0710881, 0.1100315, 100.6426, 0.0, 0.0558676, 10.6426, 0.0, 0.0575759, 21401235
2004-09-29T09:02:11.0818, 35.9222, -120.4774, 4.1683, 0.0489249, 44, 51.0, 3.49423, 0.0419879, 0.0763419, 2.64, -9.9, 35.9221, -120.4775, 4.1489, 82.2758, 9.4501, 0.0338665, 173.052, 4.65242, 0.0515338, 0.09594347, 258.521, 0.0, 0.0297371, 168.521, 0.0, 0.0419879, 30500891
2004-09-29T09:09:16.2488, 35.7980, -120.3508, 8.9951, 0.173708, 9, 132.0, 8.29223, 0.242982, 0.2600053, 1.18, -9.9, 35.7984, -120.3512, 9.0826, 76.2727, 42.6067, 0.0682403, 170.441, 4.51816, 0.0785861, 0.4355364, 175.3945, 0.0, 0.0633287, 85.3945, 0.0, 0.242982, 21401238
2004-09-29T09:09:51.1592, 35.9699, -120.5302, 6.0931, 0.170462, 22, 53.0, 1.82734, 0.0586336, 0.08716838, 1.57, -9.9, 35.9698, -120.5302, 6.0751, 311.569, -21.6452, 0.0607665, 219.852, -4.31583, 0.0711046, 0.1138799, 167.1797, 0.0, 0.0558007, 77.1797, 0.0, 0.0586336, 30500892
2004-09-29T09:23:34.0726, 35.8293, -120.3823, 6.6336, 0.0265558, 27, 53.0, 1.66008, 0.0430591, 0.05515269, 1.83, -9.9, 35.8292, -120.3822, 6.6168, 87.1678, -13.3596, 0.0438072, 352.306, -19.6417, 0.0497561, 0.0717067, 101.6829, 0.0, 0.0363006, 11.6829, 0.0, 0.0430591, 21400874
2004-09-29T09:24:30.9925, 35.9556, -120.5138, 7.4362, 0.0608602, 12, 87.0, 1.60644, 0.0750976, 0.09238706, 1.18, -9.9, 35.9557, -120.5139, 7.4279, 80.1139, -0.109607, 0.0712574, 170.093, 11.0061, 0.0920919, 0.1152159, 260.141, 0.0, 0.0575186, 170.141, 0.0, 0.0750976, 30500857
2004-09-29T09:29:47.8093, 35.9261, -120.4823, 3.6549, 0.0534152, 14, 93.0, 2.97439, 0.0316156, 0.073750004, 1.05, -9.9, 35.9260, -120.4822, 3.6780, 347.855, -3.08296, 0.0360302, 257.771, -1.55567, 0.0390968, 0.09150568, 170.5135, 0.0, 0.0293063, 80.5135, 0.0, 0.0316156, 21400723
2004-09-29T09:33:02.4898, 35.9223, -120.4776, 4.1679, 0.0221274, 22, 90.0, 1.55971, 0.0181034, 0.027651744, 1.28, -9.9, 35.9223, -120.4777, 4.1533, 244.991, -4.87843, 0.0175103, 335.646, -7.63262, 0.0221403, 0.0345299, 242.614, 0.0, 0.0142715, 152.614, 0.0, 0.0181034, 30228323
2004-09-29T09:35:32.7437, 35.9218, -120.4780, 4.0084, 0.0308052, 13, 116.0, 3.45867, 0.102427, 0.2081855, 1.29, -9.9, 35.9216, -120.4781, 3.9835, 81.5338, 7.17016, 0.0788758, 172.739, 9.49363, 0.120232, 0.2626414, 254.41, 0.0, 0.067709, 164.41, 0.0, 0.102427, 21400920
2004-09-29T09:53:24.6019, 35.9566, -120.5129, 9.2835, 0.0300842, 37, 93.0, 1.29556, 0.0754542, 0.09430695, 1.46, -9.9, 35.9567, -120.5130, 9.2735, 80.2779, -13.7661, 0.080101, 352.56, 9.23367, 0.0925053, 0.1193288, 253.621, 0.0, 0.0666833, 163.621, 0.0, 0.0754542, 21400929
2004-09-29T10:01:46.4751, 35.8589, -120.4078, 4.2086, 0.0218755, 9, 80.0, 2.59555, 0.0330799, 0.04875736, 1.34, -9.9, 35.8588, -120.4078, 4.2062, 260.646, 7.26367, 0.0284616, 168.242, 18.2172, 0.0376461, 0.06281612, 267.271, 0.0, 0.0234651, 177.271, 0.0, 0.0330799, 21401192
2004-09-29T10:04:23.6494, 35.9266, -120.4832, 3.5099, 0.02365, 14, 104.0, 2.87739, 0.0204674, 0.036357276, 1.37, -9.9, 35.9268, -120.4833, 3.5055, 68.7013, 9.33145, 0.024065, 159.327, 3.80257, 0.0250272, 0.04554598, 216.164, 0.0, 0.0199071, 126.164, 0.0, 0.0204674, 21401193
2004-09-29T10:15:00.1207, 35.9172, -120.4736, 5.3548, 0.016179, 15, 82.0, 4.00583, 0.0561549, 0.08599997, 1.25, -9.9, 35.9172, -120.4735, 5.3421, 81.7738, 3.9494, 0.0369477, 172.992, 17.116, 0.0643501, 0.1099577, 259.195, 0.0, 0.0302646, 169.195, 0.0, 0.0561549, 21401197
2004-09-29T10:15:44.6344, 35.9343, -120.4910, 4.4698, 0.0172445, 13, 95.0, 2.18345, 0.112692, 0.18733785, 1.55, -9.9, 35.9344, -120.4909, 4.4632, 269.195, -9.7319, 0.108061, 0.6167879999999997, -8.23402, 0.136301, 0.2364167, 261.339, 0.0, 0.0912985, 171.339, 0.0, 0.112692, 30500883
2004-09-29T10:17:54.8160, 35.8610, -120.4123, 4.8546, 0.0704148, 17, 74.0, 2.49769, 0.0346739, 0.078939736, 1.35, -9.9, 35.8610, -120.4124, 4.8111, 82.0266, -6.78343, 0.0249384, 352.344, 2.66615, 0.0427342, 0.09852812, 259.752, 0.0, 0.0220574, 169.752, 0.0, 0.0346739, 21401198
2004-09-29T10:23:31.2395, 35.8586, -120.4077, 4.2218, 0.0309027, 36, 54.0, 2.62156, 0.0347518, 0.052401785, 2.33, -9.9, 35.8587, -120.4077, 4.2132, 90.0099, -2.44594, 0.0280277, 359.248, -17.295, 0.0399696, 0.06689916, 91.89213, 0.0, 0.0226972, 1.89213, 0.0, 0.0347518, 21401200
2004-09-29T10:32:18.3082, 35.8756, -120.4288, 4.6561, 0.0423852, 14, 108.0, 2.54618, 0.0439045, 0.077995025, 1.25, -9.9, 35.8756, -120.4287, 4.6651, 251.232, 13.0726, 0.0377114, 160.682, 2.36446, 0.0542434, 0.09887065, 254.605, 0.0, 0.0346719, 164.605, 0.0, 0.0439045, 30228610
2004-09-29T10:33:35.4005, 35.9174, -120.4770, 4.0364, 0.0206299, 17, 81.0, 1.1904, 0.0449088, 0.07685595, 1.08, -9.9, 35.9173, -120.4770, 4.0227, 81.751, 8.23528, 0.0364679, 171.821, 0.481023, 0.0556316, 0.09606355, 261.485, 0.0, 0.031178, 171.485, 0.0, 0.0449088, 30228608
2004-09-29T10:34:47.8012, 35.8788, -120.4339, 4.6956, 0.0430283, 46, 43.0, 2.9366, 0.059763, 0.12055313, 2.16, -9.9, 35.8786, -120.4339, 4.7061, 217.519, 10.3963, 0.0545239, 308.025, 2.75708, 0.0736663, 0.1516503, 212.754, 0.0, 0.0485032, 122.754, 0.0, 0.059763, 30228607
2004-09-29T10:42:24.9854, 35.8788, -120.4339, 4.6956, 0.0245552, 32, 45.0, 2.9366, 0.0559686, 0.10330192, 2.39, -9.9, 35.8786, -120.4339, 4.6625, 213.462, 9.81475, 0.0503606, 303.068, -2.2781, 0.0691695, 0.1296608, 216.01, 0.0, 0.0438177, 126.01, 0.0, 0.0559686, 21401306
2004-09-29T10:42:44.4372, 35.8784, -120.4337, 4.6561, 0.0499032, 13, 89.0, 2.92532, 0.0565592, 0.10281719, 1.86, -9.9, 35.8785, -120.4338, 4.6528, 207.27, 9.53635, 0.0502448, 297.339, 0.41089, 0.0700639, 0.1288877, 206.866, 0.0, 0.0435517, 116.866, 0.0, 0.0565592, 30500897
2004-09-29T10:48:48.1377, 35.9699, -120.5302, 6.0931, 0.276369, 29, 52.0, 1.82734, 0.052963, 0.0787945, 1.84, -9.9, 35.9698, -120.5303, 6.0908, 306.678, -22.4377, 0.0523917, 214.809, -4.51588, 0.0643776, 0.1036021, 154.555, 0.0, 0.049685, 64.555, 0.0, 0.052963, 21401310
2004-09-29T10:49:32.7138, 35.8606, -120.4123, 4.9074, 0.0330666, 15, 85.0, 2.53259, 0.0325311, 0.051134676, 1.23, -9.9, 35.8607, -120.4124, 4.9065, 263.916, 6.22961, 0.0218731, 172.79, 10.1994, 0.0392373, 0.06432452, 266.479, 0.0, 0.0183773, 176.479, 0.0, 0.0325311, 30500899
2004-09-29T10:56:40.9708, 35.9237, -120.4795, 3.8267, 0.022018, 18, 91.0, 3.27461, 0.0171838, 0.036083654, 1.18, -9.9, 35.9238, -120.4794, 3.8226, 85.9498, -0.951924, 0.0143915, 355.95, 0.0204578, 0.0212883, 0.04470824, 265.948, 0.0, 0.0116306, 175.948, 0.0, 0.0171838, 30229585
2004-09-29T10:57:48.8361, 35.9237, -120.4795, 3.8531, 0.0259327, 25, 91.0, 1.61485, 0.0167569, 0.033420548, 1.42, -9.9, 35.9238, -120.4794, 3.8418, 249.628, 2.91607, 0.0167229, 159.479, 2.91263, 0.0206768, 0.04148878, 250.926, 0.0, 0.0135863, 160.926, 0.0, 0.0167569, 21401402
2004-09-29T10:59:31.0976, 35.8594, -120.4152, 8.2535, 0.0481679, 37, 51.0, 2.76569, 0.121979, 0.164902, 2.09, -9.9, 35.8595, -120.4150, 8.2518, 91.7619, 11.1284, 0.108825, 184.71, 14.6534, 0.145469, 0.210805, 265.271, 0.0, 0.0915804, 175.271, 0.0, 0.121979, 21401403
2004-09-29T11:06:52.3729, 35.9282, -120.4845, 4.0109, 0.0105151, 10, 100.0, 2.73853, 0.0349809, 0.05983922, 1.0, -9.9, 35.9283, -120.4847, 3.9937, 191.786, 3.84229, 0.0333709, 101.719, 0.993009, 0.0433236, 0.07427331, 192.112, 0.0, 0.0271744, 102.112, 0.0, 0.0349809, 21401406
2004-09-29T11:08:02.5875, 35.9451, -120.5017, 3.7711, 0.0289885, 14, 74.0, 1.28606, 0.148793, 0.14455625, 1.02, -9.9, 35.9449, -120.5014, 3.7499, 346.962, -17.0022, 0.0962792, 241.166, -41.6759, 0.171639, 0.1965789, 170.3631, 0.0, 0.0858884, 80.3631, 0.0, 0.148793, 21401408
2004-09-29T11:16:45.1484, 35.9336, -120.4903, 4.3397, 0.0516317, 20, 95.0, 2.23108, 0.0547171, 0.08256648, 1.16, -9.9, 35.9338, -120.4904, 4.3546, 29.0342, 0.608073, 0.0577264, 299.2, -15.2911, 0.0641919, 0.1045847, 208.199, 0.0, 0.0466, 118.199, 0.0, 0.0547171, 21401412
2004-09-29T11:17:02.4286, 35.9325, -120.4896, 5.1043, 0.019682, 15, 94.0, 2.27204, 0.0734955, 0.1152625, 1.12, -9.9, 35.9326, -120.4896, 5.1033, 77.1005, 9.52204, 0.0615571, 168.758, 9.78566, 0.0886411, 0.1457919, 251.772, 0.0, 0.0524443, 161.772, 0.0, 0.0734955, 30229587
2004-09-29T11:21:29.1537, 35.9046, -120.4580, 4.7352, 0.0276216, 12, 84.0, 4.52659, 0.0412383, 0.06316986, 1.08, -9.9, 35.9046, -120.4579, 4.7328, 261.235, -0.865632, 0.0302304, 351.463, -14.7012, 0.0484763, 0.07991003, 260.729, 0.0, 0.0244159, 170.729, 0.0, 0.0412383, 30500914
2004-09-29T11:26:29.9228, 35.8711, -120.4261, 5.3894, 0.0208574, 6, 128.0, 4.85509, 0.292468, 0.44982496, 1.36, -9.9, 35.8711, -120.4262, 5.4397, 252.825, 5.40428, 0.182155, 343.06, 2.4843, 0.361843, 0.5598036, 252.377, 0.0, 0.152423, 162.377, 0.0, 0.292468, 21401846
2004-09-29T11:29:37.4459, 35.9282, -120.4845, 4.0900, 0.0123713, 11, 100.0, 2.73853, 0.0210287, 0.03696404, 1.0, -9.9, 35.9282, -120.4845, 4.0883, 83.5498, 7.52188, 0.0211855, 174.127, 4.36028, 0.025865, 0.04619943, 259.379, 0.0, 0.0176199, 169.379, 0.0, 0.0210287, 21401847
2004-09-29T11:36:21.6979, 35.8750, -120.4267, 4.7360, 0.0191847, 8, 79.0, 2.38821, 0.0374944, 0.05850836, 1.31, -9.9, 35.8749, -120.4267, 4.7630, 285.914, 1.06725, 0.0341447, 195.758, 8.33818, 0.0457115, 0.07296137, 106.4145, 0.0, 0.0275772, 16.4145, 0.0, 0.0374944, 30500918
2004-09-29T11:40:37.2660, 35.9700, -120.5305, 5.0120, 0.015564, 12, 60.0, 1.84177, 0.0450664, 0.064067, 1.05, -9.9, 35.9700, -120.5304, 4.9973, 81.1681, 2.98028, 0.0406798, 172.109, 17.5138, 0.0525355, 0.0816519, 258.862, 0.0, 0.0329378, 168.862, 0.0, 0.0450664, 21401882
2004-09-29T11:56:25.6306, 35.8202, -120.3735, 7.0555, 0.0188337, 9, 120.0, 2.88483, 0.0724248, 0.09354539, 1.06, -9.9, 35.8201, -120.3735, 7.0720, 100.213, -4.16581, 0.0669801, 8.585899999999995, -21.3009, 0.0840193, 0.1202486, 103.1816, 0.0, 0.0542942, 13.1816, 0.0, 0.0724248, 30506488
2004-09-29T11:57:03.8262, 35.9699, -120.5302, 6.0931, 0.122195, 23, 59.0, 1.82734, 0.0537413, 0.08163288, 1.67, -9.9, 35.9698, -120.5303, 6.0831, 305.501, -20.2713, 0.0561293, 215.715, 0.579448, 0.0665571, 0.1058012, 120.9407, 0.0, 0.0517731, 30.9407, 0.0, 0.0537413, 30506489
2004-09-29T11:59:19.5016, 35.8293, -120.3823, 6.6336, 0.0280649, 50, 53.0, 1.66008, 0.0430193, 0.058078293, 2.07, -9.9, 35.8292, -120.3823, 6.6166, 89.2109, -6.88257, 0.0437123, 357.32, -15.2905, 0.0513374, 0.07362807, 94.74668, 0.0, 0.0356453, 4.74668, 0.0, 0.0430193, 21401985
2004-09-29T12:02:05.6555, 35.8645, -120.4165, 4.7492, 0.0229015, 15, 84.0, 2.33383, 0.0307495, 0.060851526, 1.36, -9.9, 35.8645, -120.4165, 4.7260, 97.1812, 5.34379, 0.0218655, 187.252, 0.757201, 0.0380841, 0.07569313, 96.85445, 0.0, 0.0184706, 6.85445, 0.0, 0.0307495, 21401986
2004-09-29T12:03:52.8714, 35.8293, -120.3823, 6.6336, 0.0183242, 21, 65.0, 1.66008, 0.0409359, 0.054558985, 1.37, -9.9, 35.8292, -120.3822, 6.6207, 255.683, 11.9063, 0.0424664, 162.332, 15.4954, 0.0485249, 0.069855, 267.65, 0.0, 0.0351599, 177.65, 0.0, 0.0409359, 21401989
2004-09-29T12:09:05.9095, 35.8850, -120.4396, 4.8275, 0.0218014, 23, 85.0, 3.45361, 0.147802, 0.14242998, 1.42, -9.9, 35.8847, -120.4395, 4.7869, 8.137339999999995, -6.42339, 0.0640606, 271.447, -45.9798, 0.111974, 0.2286875, 192.506, 0.0, 0.0527873, 102.506, 0.0, 0.147802, 21401991
2004-09-29T12:16:34.6555, 35.8589, -120.4078, 4.2086, 0.0422762, 21, 80.0, 2.59555, 0.0362915, 0.054303132, 1.03, -9.9, 35.8589, -120.4079, 4.2018, 251.094, 12.099, 0.0340615, 157.606, 15.8457, 0.0415403, 0.0702166, 265.395, 0.0, 0.0287538, 175.395, 0.0, 0.0362915, 30228393
2004-09-29T12:17:48.0062, 35.8194, -120.3747, 8.9655, 0.0415085, 24, 90.0, 2.26766, 0.146264, 0.20045486, 1.02, -9.9, 35.8193, -120.3748, 8.9551, 78.5739, -3.94375, 0.110279, 167.404, 16.5011, 0.173201, 0.2544024, 260.401, 0.0, 0.0897982, 170.401, 0.0, 0.146264, 30228394
2004-09-29T12:23:55.1853, 35.8293, -120.3825, 6.6336, 0.0286639, 13, 88.0, 1.6432, 0.0493581, 0.07357124, 1.18, -9.9, 35.8293, -120.3825, 6.6373, 84.5547, -2.73376, 0.0465461, 354.073, -9.97735, 0.0599277, 0.09202212, 266.015, 0.0, 0.037684, 176.015, 0.0, 0.0493581, 21402106
2004-09-29T12:24:33.2425, 35.8791, -120.4343, 4.6692, 0.0457549, 18, 82.0, 2.96658, 0.114339, 0.117455974, 1.42, -9.9, 35.8792, -120.4344, 4.6631, 184.354, 14.7756, 0.05482, 286.668, 38.9581, 0.111518, 0.1725242, 176.4847, 0.0, 0.050843, 86.4847, 0.0, 0.114339, 30500930
2004-09-29T12:26:58.2303, 35.9450, -120.5013, 10.8375, 0.426757, 25, 61.0, 1.28082, 0.0983417, 0.11657265, 1.76, -9.9, 35.9450, -120.5013, 10.8203, 276.84, -7.85142, 0.0751433, 8.160660000000007, -9.4879, 0.121061, 0.1460496, 95.87783, 0.0, 0.0621759, 5.87783, 0.0, 0.0983417, 30500931
2004-09-29T12:39:57.3431, 35.9699, -120.5302, 6.0931, 0.130376, 19, 61.0, 3.2284, 0.0588511, 0.08577234, 1.62, -9.9, 35.9698, -120.5303, 6.0751, 313.072, -23.6876, 0.06215, 222.316, -1.72331, 0.0695826, 0.1128252, 210.474, 0.0, 0.0560809, 120.474, 0.0, 0.0588511, 21402117
2004-09-29T12:53:44.1989, 35.7696, -120.3108, 4.0776, 0.0473868, 19, 84.0, 6.84385, 0.892839, 2.0114954, 1.09, -9.9, 35.7704, -120.3115, 3.5471, 347.8, -1.80778, 0.495023, 257.525, -8.64493, 1.05099, 2.516769, 169.2449, 0.0, 0.403895, 79.2449, 0.0, 0.892839, 21400794
2004-09-29T12:57:08.1219, 35.9253, -120.4813, 4.0113, 0.0319929, 53, 44.0, 1.71704, 0.0174576, 0.024762936, 2.08, -9.9, 35.9253, -120.4813, 4.0135, 251.784, -3.67208, 0.0172836, 342.154, -5.74362, 0.021513, 0.03080042, 250.715, 0.0, 0.0140115, 160.715, 0.0, 0.0174576, 21400795
2004-09-29T12:59:48.6967, 35.9742, -120.5342, 5.6976, 0.0330742, 50, 50.0, 1.9136, 0.0455393, 0.050338186, 1.95, -9.9, 35.9741, -120.5342, 5.6873, 85.5742, 2.69992, 0.0369206, 175.374, -4.23126, 0.0563821, 0.06243853, 265.653, 0.0, 0.0298633, 175.653, 0.0, 0.0455393, 21400798
2004-09-29T13:15:03.0880, 35.9595, -120.5157, 8.8864, 0.023091, 11, 97.0, 1.80803, 0.226227, 0.21964489, 1.33, -9.9, 35.9591, -120.5154, 8.9418, 197.994, 10.8076, 0.146006, 298.762, 44.3817, 0.176826, 0.3491987, 189.2572, 0.0, 0.119543, 99.2572, 0.0, 0.226227, 21400809
2004-09-29T13:17:24.5876, 35.9461, -120.5038, 4.7879, 0.0231228, 16, 69.0, 1.23594, 0.0448523, 0.05602611, 1.5, -9.9, 35.9461, -120.5039, 4.7941, 258.878, -6.94287, 0.0363014, 350.291, -11.4451, 0.0548534, 0.07033428, 257.348, 0.0, 0.0298602, 167.348, 0.0, 0.0448523, 30500847
2004-09-29T13:50:06.2621, 35.9695, -120.5297, 6.0667, 0.0226305, 19, 61.0, 1.82538, 0.0405545, 0.054351818, 1.11, -9.9, 35.9695, -120.5298, 6.0585, 83.9262, 6.74407, 0.0385352, 175.7, 14.6652, 0.0486399, 0.06877659, 259.997, 0.0, 0.0315001, 169.997, 0.0, 0.0405545, 21400833
2004-09-29T13:51:04.5316, 35.8845, -120.4366, 4.9329, 0.0716697, 19, 74.0, 3.17632, 0.0457996, 0.08319268, 1.04, -9.9, 35.8845, -120.4366, 4.8911, 88.8889, -5.99544, 0.0350699, 358.326, -5.34685, 0.0561188, 0.1038893, 91.15043, 0.0, 0.0294437, 1.15043, 0.0, 0.0457996, 30228297
2004-09-29T13:52:29.6897, 35.9238, -120.4793, 3.6681, 0.0663082, 18, 91.0, 3.28839, 0.0271017, 0.09348994, 1.18, -9.9, 35.9238, -120.4793, 3.6249, 81.9205, -0.337655, 0.0290523, 351.918, -0.398756, 0.0335665, 0.1158256, 262.023, 0.0, 0.0234568, 172.023, 0.0, 0.0271017, 30228296
2004-09-29T13:53:44.0585, 35.9699, -120.5302, 6.0931, 0.0843901, 21, 59.0, 1.82734, 0.0492072, 0.07192053, 1.05, -9.9, 35.9698, -120.5303, 6.0719, 303.688, -21.7631, 0.0519302, 35.0024, -3.28764, 0.0601713, 0.09377603, 90.97241, 0.0, 0.0474549, 0.972412, 0.0, 0.0492072, 30228295
2004-09-29T13:55:40.7421, 35.9266, -120.4831, 3.5499, 0.0514083, 26, 93.0, 1.80878, 0.0133744, 0.025967114, 1.18, -9.9, 35.9266, -120.4830, 3.5522, 87.153, 1.50748, 0.0102295, 177.093, -2.26889, 0.0165328, 0.0321983, 267.422, 0.0, 0.00828243, 177.422, 0.0, 0.0133744, 21400835
2004-09-29T13:56:22.6094, 35.8891, -120.4423, 3.2932, 0.794645, 25, 57.0, 3.76873, 0.222993, 0.83253205, 1.7, -9.9, 35.8892, -120.4423, 3.3456, 133.92, 5.79798, 0.170183, 224.793, 8.52665, 0.215137, 1.047757, 110.8125, 0.0, 0.146527, 20.8125, 0.0, 0.222993, 30228301
2004-09-29T13:56:26.4422, 35.8846, -120.4364, 4.9066, 0.0961088, 25, 55.0, 3.15851, 0.0443595, 0.084533244, 1.4, -9.9, 35.8846, -120.4366, 4.8817, 92.0433, -4.40459, 0.0376515, 1.2986300000000028, -9.57751, 0.0526916, 0.1061143, 96.01048, 0.0, 0.0309151, 6.01048, 0.0, 0.0443595, 30228302
2004-09-29T14:05:37.7044, 35.9286, -120.4850, 4.1798, 0.0251389, 11, 99.0, 2.69251, 0.0903866, 0.15550183, 1.5, -9.9, 35.9286, -120.4853, 4.1881, 86.7312, 13.8996, 0.0796659, 174.991, -6.99711, 0.109312, 0.1985681, 97.53212, 0.0, 0.0725303, 7.53212, 0.0, 0.0903866, 21400840
2004-09-29T14:09:41.4092, 35.9342, -120.4908, 4.4328, 0.0206617, 24, 95.0, 2.19559, 0.0219478, 0.03530996, 1.14, -9.9, 35.9342, -120.4908, 4.4239, 72.4216, 14.3375, 0.0216532, 165.05, 10.1729, 0.0259234, 0.04531952, 233.216, 0.0, 0.01879, 143.216, 0.0, 0.0219478, 21400842
2004-09-29T14:22:26.5024, 35.9696, -120.5298, 6.0939, 0.0193103, 14, 61.0, 1.82171, 0.036098, 0.04205649, 1.11, -9.9, 35.9696, -120.5299, 6.0853, 92.7198, 9.89886, 0.0313855, 185.895, 17.6123, 0.0436813, 0.05344924, 269.883, 0.0, 0.025973, 179.883, 0.0, 0.036098, 21400849
2004-09-29T14:22:57.9644, 35.9697, -120.5299, 6.0939, 0.0160648, 13, 60.0, 1.82208, 0.0375285, 0.045691866, 1.07, -9.9, 35.9696, -120.5300, 6.0872, 89.0574, 7.13975, 0.0304844, 182.063, 22.7104, 0.043847, 0.05894872, 265.75, 0.0, 0.0250229, 175.75, 0.0, 0.0375285, 30229593
2004-09-29T14:26:59.4450, 35.9308, -120.4874, 3.9582, 0.0109812, 11, 95.0, 2.46778, 0.0291843, 0.047693405, 1.1, -9.9, 35.9308, -120.4875, 3.9656, 339.472, -9.15115, 0.0312678, 247.368, -12.8387, 0.0338994, 0.06070239, 177.9714, 0.0, 0.0256949, 87.9714, 0.0, 0.0291843, 21400851
2004-09-29T14:28:26.8259, 35.9547, -120.5108, 9.4285, 0.0306527, 21, 87.0, 1.12179, 0.0806065, 0.08890584, 1.59, -9.9, 35.9548, -120.5108, 9.4205, 259.705, -8.34347, 0.0706185, 348.917, 5.35609, 0.0997544, 0.1109321, 260.086, 0.0, 0.057873, 170.086, 0.0, 0.0806065, 30500849
2004-09-29T14:38:23.7459, 35.9266, -120.4831, 3.5499, 0.0280844, 15, 93.0, 2.88942, 0.0139247, 0.031455867, 1.11, -9.9, 35.9266, -120.4830, 3.5592, 72.8497, 3.4987, 0.01519, 162.828, -0.362401, 0.0172493, 0.03903189, 253.287, 0.0, 0.0123884, 163.287, 0.0, 0.0139247, 21400855
2004-09-29T14:40:28.3621, 35.9282, -120.4845, 4.1164, 0.026058, 22, 47.0, 2.73853, 0.0205001, 0.03159918, 1.65, -9.9, 35.9283, -120.4846, 4.1091, 256.532, -8.02303, 0.0184516, 347.612, -7.61628, 0.0250391, 0.03966263, 252.963, 0.0, 0.0153802, 162.963, 0.0, 0.0205001, 21400856
2004-09-29T14:41:22.4106, 35.9282, -120.4845, 4.1164, 0.0201952, 10, 100.0, 2.73853, 0.0217715, 0.03440791, 1.0, -9.9, 35.9283, -120.4845, 4.1138, 255.096, -6.69299, 0.0204472, 345.597, -4.25813, 0.0268494, 0.04292516, 253.172, 0.0, 0.0168745, 163.172, 0.0, 0.0217715, 30500851
2004-09-29T14:42:34.9308, 35.9266, -120.4831, 3.5499, 0.0199148, 13, 104.0, 2.88942, 0.0146226, 0.025064494, 1.19, -9.9, 35.9266, -120.4831, 3.5433, 85.565, 1.24851, 0.0100223, 175.524, -1.87541, 0.0180965, 0.03106911, 265.68, 0.0, 0.00810639, 175.68, 0.0, 0.0146226, 30500852
2004-09-29T14:44:35.6350, 35.9457, -120.5012, 11.0485, 0.0333256, 22, 62.0, 1.20781, 0.123057, 0.11275723, 1.66, -9.9, 35.9456, -120.5010, 11.0278, 85.3985, 8.51604, 0.0834089, 139.223, -75.7655, 0.14017, 0.1529312, 265.784, 0.0, 0.0686723, 175.784, 0.0, 0.123057, 21400858
2004-09-29T14:49:17.0686, 35.8521, -120.4038, 5.0252, 0.018953, 11, 118.0, 1.83302, 0.0504679, 0.08110544, 1.16, -9.9, 35.8522, -120.4040, 5.0382, 81.8181, -8.24334, 0.0556811, 350.817, -6.87566, 0.0615968, 0.1016786, 91.47858, 0.0, 0.0458612, 1.47858, 0.0, 0.0504679, 21400860
2004-09-29T14:58:06.0465, 35.8218, -120.3768, 8.7512, 0.0371925, 35, 49.0, 2.29631, 0.317979, 0.45336643, 1.59, -9.9, 35.8218, -120.3768, 8.7234, 263.947, 4.78121, 0.231325, 172.793, 13.5398, 0.380784, 0.5721531, 265.938, 0.0, 0.189687, 175.938, 0.0, 0.317979, 21400868
2004-09-29T15:00:51.9584, 35.9315, -120.4883, 3.9845, 0.00761198, 9, 174.0, 2.38286, 0.0351837, 0.060564537, 1.05, -9.9, 35.9314, -120.4883, 3.9749, 11.262799999999999, -3.43095, 0.0360911, 281.075, -3.1224, 0.043456, 0.07520943, 192.473, 0.0, 0.0293029, 102.473, 0.0, 0.0351837, 21400869
2004-09-29T15:07:17.3229, 36.0446, -120.6059, 4.7698, 0.0365751, 13, 121.0, 2.83249, 0.287908, 0.33743337, 1.1, -9.9, 36.0445, -120.6060, 4.7355, 285.27, -12.6534, 0.173088, 23.873899999999992, -33.6793, 0.266836, 0.4847071, 94.70861, 0.0, 0.149124, 4.70861, 0.0, 0.287908, 21400878
2004-09-29T15:14:59.6715, 35.9588, -120.5159, 4.2877, 0.0246998, 12, 95.0, 1.59195, 0.0337447, 0.05301097, 1.01, -9.9, 35.9587, -120.5160, 4.2913, 81.5739, 2.72745, 0.0316506, 171.84, 5.57128, 0.0415054, 0.0659186, 260.637, 0.0, 0.0256412, 170.637, 0.0, 0.0337447, 21400881
2004-09-29T15:20:52.0298, 35.8196, -120.3749, 8.8864, 0.0288101, 19, 90.0, 2.271, 0.101057, 0.13838239, 1.02, -9.9, 35.8195, -120.3747, 8.8736, 241.577, 8.67894, 0.0974375, 328.305, -20.5002, 0.114503, 0.1796028, 251.082, 0.0, 0.0798973, 161.082, 0.0, 0.101057, 21400889
2004-09-29T15:23:01.5773, 35.8079, -120.3627, 9.7845, 0.0362943, 39, 37.0, 2.66424, 0.0722561, 0.09808513, 1.87, -9.9, 35.8079, -120.3628, 9.7749, 136.088, 13.6136, 0.0809498, 230.142, 16.2726, 0.0830561, 0.1265079, 104.9266, 0.0, 0.0659567, 14.9266, 0.0, 0.0722561, 21400890
2004-09-29T15:34:33.6832, 35.8085, -120.3634, 9.8109, 0.0363469, 7, 152.0, 12.3219, 0.059208, 0.079623945, 1.15, -9.9, 35.8086, -120.3634, 9.7928, 262.25, 7.83164, 0.0517174, 169.789, 17.3316, 0.0697529, 0.1017884, 267.022, 0.0, 0.0426381, 177.022, 0.0, 0.059208, 30506449
2004-09-29T15:36:03.2046, 35.9223, -120.4777, 4.1695, 0.0218883, 36, 50.0, 1.5551, 0.0168094, 0.026633536, 1.69, -9.9, 35.9223, -120.4777, 4.1563, 255.721, -4.42982, 0.0155521, 346.282, -7.20413, 0.0205582, 0.03323494, 253.705, 0.0, 0.0126788, 163.705, 0.0, 0.0168094, 21400904
2004-09-29T15:44:43.2114, 35.9641, -120.5208, 9.4944, 0.0342219, 21, 84.0, 1.87737, 0.103506, 0.12437978, 1.3, -9.9, 35.9637, -120.5203, 9.4322, 124.888, 33.1406, 0.045368, 202.372, -18.3619, 0.0502465, 0.1949621, 177.6463, 0.0, 0.0395993, 87.6463, 0.0, 0.103506, 21400909
2004-09-29T15:46:07.0967, 35.9235, -120.4811, 4.7434, 0.019926, 11, 110.0, 3.13902, 0.248131, 0.4085677, 1.07, -9.9, 35.9239, -120.4812, 4.7679, 194.662, 17.5468, 0.24317, 287.325, 8.35696, 0.291403, 0.5295691, 165.1056, 0.0, 0.219281, 75.1056, 0.0, 0.248131, 21400910
2004-09-29T15:54:03.7369, 35.9346, -120.4910, 4.4723, 0.0278483, 31, 95.0, 2.18063, 0.0242624, 0.034151573, 1.4, -9.9, 35.9345, -120.4911, 4.4595, 234.679, -18.0246, 0.0240911, 329.363, -14.0875, 0.0279093, 0.04469919, 209.102, 0.0, 0.0207966, 119.102, 0.0, 0.0242624, 21400911
2004-09-29T16:06:03.6347, 35.8294, -120.3826, 6.6600, 0.090765, 11, 88.0, 1.63108, 0.0551277, 0.09011328, 1.1, -9.9, 35.8293, -120.3826, 6.6549, 88.3573, 0.585589, 0.0547907, 178.411, 5.21865, 0.0678133, 0.111936, 268.104, 0.0, 0.0442336, 178.104, 0.0, 0.0551277, 30506452
2004-09-29T16:07:55.9721, 35.8656, -120.4156, 4.2321, 0.0287868, 20, 82.0, 2.19341, 0.0275783, 0.040370278, 1.73, -9.9, 35.8656, -120.4156, 4.2155, 264.991, 4.30831, 0.0168074, 174.069, 12.0547, 0.0331953, 0.05078088, 266.483, 0.0, 0.013852, 176.483, 0.0, 0.0275783, 30506454
2004-09-29T16:16:58.7033, 35.8074, -120.3621, 9.7433, 0.0376711, 39, 50.0, 2.7046, 0.0977821, 0.13254797, 2.16, -9.9, 35.8074, -120.3623, 9.7415, 94.6335, -3.77087, 0.0925869, 3.2083999999999975, -20.6731, 0.112178, 0.170627, 98.05192, 0.0, 0.0749895, 8.05192, 0.0, 0.0977821, 21400955
2004-09-29T16:31:55.0893, 35.9222, -120.4759, 3.6805, 0.043117, 56, 39.0, 1.64433, 0.0476093, 0.07762287, 2.9, -9.9, 35.9222, -120.4759, 3.6710, 256.727, -3.89203, 0.0325295, 346.802, -1.10073, 0.058963, 0.09637222, 256.544, 0.0, 0.0267234, 166.544, 0.0, 0.0476093, 21400963
2004-09-29T16:40:19.1727, 35.8004, -120.3537, 9.4417, 0.0334676, 12, 75.0, 8.50317, 0.0572007, 0.06873198, 1.37, -9.9, 35.8004, -120.3536, 9.4204, 87.0408, -6.07053, 0.0430582, 354.149, -25.3804, 0.0658426, 0.08939032, 269.812, 0.0, 0.0352565, 179.812, 0.0, 0.0572007, 21400970
2004-09-29T16:42:12.9239, 35.8611, -120.4123, 4.6833, 0.0259031, 17, 73.0, 2.48026, 0.024831, 0.041203003, 1.62, -9.9, 35.8611, -120.4122, 4.6920, 85.4514, -5.33536, 0.020035, 354.526, -9.81322, 0.0298753, 0.05174066, 268.499, 0.0, 0.0165255, 178.499, 0.0, 0.024831, 21400972
2004-09-29T16:45:51.7903, 35.9279, -120.4843, 4.1164, 0.0474661, 26, 47.0, 2.76718, 0.0307961, 0.051853564, 1.97, -9.9, 35.9279, -120.4842, 4.1033, 72.2179, 8.61728, 0.032696, 163.288, 7.02465, 0.0374644, 0.06511791, 242.853, 0.0, 0.0271419, 152.853, 0.0, 0.0307961, 21400973
2004-09-29T17:00:49.6347, 35.9314, -120.4882, 4.0373, 0.0100365, 10, 95.0, 2.39925, 0.0274012, 0.03753188, 1.05, -9.9, 35.9312, -120.4881, 4.0094, 352.54, -7.30929, 0.0249593, 259.416, -23.0173, 0.0301185, 0.04922219, 180.4303, 0.0, 0.0203982, 90.4303, 0.0, 0.0274012, 30500868
2004-09-29T17:01:51.5876, 35.8692, -120.4248, 8.2008, 0.040825, 9, 98.0, 2.50814, 0.0998623, 0.14237256, 1.04, -9.9, 35.8691, -120.4249, 8.1941, 224.479, 27.2458, 0.0964192, 315.228, 1.45322, 0.122152, 0.1921249, 172.5427, 0.0, 0.097914, 82.5427, 0.0, 0.0998623, 30500870
2004-09-29T17:02:38.7781, 35.8759, -120.4320, 4.4056, 0.0281714, 14, 81.0, 2.82031, 0.0524194, 0.12569755, 1.61, -9.9, 35.8759, -120.4319, 4.3876, 84.7158, -3.45225, 0.049042, 353.941, -12.6377, 0.0556618, 0.1593747, 94.1273, 0.0, 0.0398479, 4.1273, 0.0, 0.0524194, 30500871
2004-09-29T17:03:05.1687, 35.9236, -120.4793, 3.9586, 0.0222397, 12, 112.0, 3.29589, 0.0162659, 0.030702988, 1.01, -9.9, 35.9236, -120.4792, 3.9373, 84.1875, 0.259331, 0.0126012, 174.199, 2.51422, 0.0201013, 0.03806356, 264.139, 0.0, 0.0101724, 174.139, 0.0, 0.0162659, 30500872
2004-09-29T17:05:27.0118, 35.8004, -120.3537, 9.4417, 0.0395531, 24, 45.0, 3.38451, 0.0590136, 0.07423693, 1.66, -9.9, 35.8004, -120.3536, 9.4212, 264.75, 5.55748, 0.0434323, 172.616, 20.9414, 0.0691848, 0.0952544, 267.096, 0.0, 0.0355795, 177.096, 0.0, 0.0590136, 21400981
2004-09-29T17:06:12.1276, 35.8758, -120.4320, 4.3528, 0.0276828, 19, 76.0, 2.82577, 0.0555398, 0.1334785, 1.55, -9.9, 35.8759, -120.4319, 4.3749, 72.4768, -7.55535, 0.0530237, 341.018, -10.8646, 0.0597633, 0.1693634, 94.93376, 0.0, 0.0441257, 4.93376, 0.0, 0.0555398, 30500873
2004-09-29T17:10:04.0188, 35.9532, -120.5072, 9.5686, 0.0461049, 61, 28.0, 0.859381, 0.142474, 0.1743415, 5.0, -9.9, 35.9532, -120.5073, 9.5750, 86.6698, 5.26929, 0.113461, 176.907, 2.5682, 0.176414, 0.216723, 266.461, 0.0, 0.0926005, 176.461, 0.0, 0.142474, 21401069
